date,link,query,region,source,title
08 Jan 2020,https://www.forbes.com/sites/mergermarket/2020/01/08/new-semiconductor-technologies-driving-down-cost-of-electric-vehicle-batteries/,semiconductor,US,"<source xmlns:media=""http://search.yahoo.com/mrss/"" url=""https://www.forbes.com"">Forbes</source>","<title xmlns:media=""http://search.yahoo.com/mrss/"">New Semiconductor Technologies Driving Down Cost Of Electric Vehicle Batteries - Forbes</title>"
15 Jan 2020,https://cen.acs.org/materials/inorganic-chemistry/Lithium-based-semiconductor-detects-thermal/98/i3,semiconductor,US,"<source xmlns:media=""http://search.yahoo.com/mrss/"" url=""https://cen.acs.org"">Chemical &amp; Engineering News</source>","<title xmlns:media=""http://search.yahoo.com/mrss/"">Lithium-based semiconductor detects thermal neutrons - Chemical &amp; Engineering News</title>"
08 Jan 2020,https://www.nature.com/articles/d41586-019-03918-1,semiconductor,US,"<source xmlns:media=""http://search.yahoo.com/mrss/"" url=""https://www.nature.com"">Nature.com</source>","<title xmlns:media=""http://search.yahoo.com/mrss/"">A structurally unstable semiconductor stabilized and enhanced by strain - Nature.com</title>"
30 Jan 2020,https://apnews.com/Business%20Wire/f691bb8830dd44609d30804e38c80f47,semiconductor,US,"<source xmlns:media=""http://search.yahoo.com/mrss/"" url=""https://apnews.com"">Associated Press</source>","<title xmlns:media=""http://search.yahoo.com/mrss/"">AKHAN Semiconductor Issued Major Patent in United States - Associated Press</title>"
16 Jan 2020,https://www.barrons.com/articles/taiwan-semiconductor-tsmc-capex-budget-semiconductor-equipment-chip-stocks-51579192516,semiconductor,US,"<source xmlns:media=""http://search.yahoo.com/mrss/"" url=""https://www.barrons.com"">Barron's</source>","<title xmlns:media=""http://search.yahoo.com/mrss/"">Taiwan Semiconductor Boosted Its Capex Budget. Analysts Say That’s Good News for Chip Stocks. - Barron's</title>"
15 Jan 2020,https://www.zdnet.com/article/intel-retook-semiconductor-top-spot-from-samsung-in-2019/,semiconductor,US,"<source xmlns:media=""http://search.yahoo.com/mrss/"" url=""https://www.zdnet.com"">ZDNet</source>","<title xmlns:media=""http://search.yahoo.com/mrss/"">Intel retook semiconductor top spot from Samsung in 2019 - ZDNet</title>"
05 Jan 2020,https://www.reuters.com/article/us-asml-holding-usa-china-insight-idUSKBN1Z50HN,semiconductor,US,"<source xmlns:media=""http://search.yahoo.com/mrss/"" url=""https://www.reuters.com"">Reuters</source>","<title xmlns:media=""http://search.yahoo.com/mrss/"">Trump administration pressed Dutch hard to cancel China chip-equipment sale: sources - Reuters</title>"
20 Jan 2020,https://www.cleanroomtechnology.com/news/article_page/BES_completes_10m_semiconductor_facility_for_CSA_Catapult/161592,semiconductor,US,"<source xmlns:media=""http://search.yahoo.com/mrss/"" url=""https://www.cleanroomtechnology.com"">Cleanroom Technology</source>","<title xmlns:media=""http://search.yahoo.com/mrss/"">BES completes $10m semiconductor facility for CSA Catapult - Cleanroom Technology</title>"
17 Jan 2020,https://www.investors.com/news/semiconductor-stocks-lead-charge-industry-cycle-turns-up/,semiconductor,US,"<source xmlns:media=""http://search.yahoo.com/mrss/"" url=""https://www.investors.com"">Investor's Business Daily</source>","<title xmlns:media=""http://search.yahoo.com/mrss/"">Semiconductor Stocks Lead The Charge As Industry Cycle Turns Up - Investor's Business Daily</title>"
16 Jan 2020,https://www.economist.com/finance-and-economics/2020/01/16/what-the-semiconductor-industry-tells-us-about-the-world-economy,semiconductor,US,"<source xmlns:media=""http://search.yahoo.com/mrss/"" url=""https://www.economist.com"">The Economist</source>","<title xmlns:media=""http://search.yahoo.com/mrss/"">What the semiconductor industry tells us about the world economy - The Economist</title>"
10 Jan 2020,https://www.thestreet.com/investing/on-semiconductor-significantly-undervalued,semiconductor,US,"<source xmlns:media=""http://search.yahoo.com/mrss/"" url=""https://www.thestreet.com"">TheStreet</source>","<title xmlns:media=""http://search.yahoo.com/mrss/"">On Semiconductor 'Significantly Undervalued': Analyst - TheStreet</title>"
09 Jan 2020,https://www.businesswire.com/news/home/20200109005300/en/SOS-LAB-Signs-a-LiDAR-Collaboration-MOU-with-ON-Semiconductor-to-Advance-the-Development-and-Commercialization-of-Solid-state-LiDAR-for-Automotive-and-Smart-Factory-Markets,semiconductor,US,"<source xmlns:media=""http://search.yahoo.com/mrss/"" url=""https://www.businesswire.com"">Business Wire</source>","<title xmlns:media=""http://search.yahoo.com/mrss/"">SOS LAB Signs a LiDAR Collaboration MOU with ON Semiconductor to Advance the Development and Commercialization of Solid-state LiDAR for Automotive and Smart Factory Markets - Business Wire</title>"
21 Jan 2020,https://www.pv-magazine.com/2020/01/21/breaking-news-zhonghuan-semiconductor-up-for-sale/,semiconductor,US,"<source xmlns:media=""http://search.yahoo.com/mrss/"" url=""https://www.pv-magazine.com"">pv magazine International</source>","<title xmlns:media=""http://search.yahoo.com/mrss/"">Breaking news: Zhonghuan Semiconductor up for sale – pv magazine International - pv magazine International</title>"
03 Jan 2020,https://advances.sciencemag.org/content/6/1/eaav7523,semiconductor,US,"<source xmlns:media=""http://search.yahoo.com/mrss/"" url=""https://advances.sciencemag.org"">Science Advances</source>","<title xmlns:media=""http://search.yahoo.com/mrss/"">An electrically pumped surface-emitting semiconductor green laser - Science Advances</title>"
26 Jan 2020,https://roboticsandautomationnews.com/2020/01/26/north-american-semiconductor-equipment-industry-posts-high-earnings/29102/,semiconductor,US,"<source xmlns:media=""http://search.yahoo.com/mrss/"" url=""https://roboticsandautomationnews.com"">Robotics and Automation News</source>","<title xmlns:media=""http://search.yahoo.com/mrss/"">North American semiconductor equipment industry posts high earnings - Robotics and Automation News</title>"
27 Jan 2020,https://www.prnewswire.com/news-releases/semiconductor-seals-market-size-to-reach-us-897-2-million-in-2025--says-stratview-research-300993466.html,semiconductor,US,"<source xmlns:media=""http://search.yahoo.com/mrss/"" url=""https://www.prnewswire.com"">PRNewswire</source>","<title xmlns:media=""http://search.yahoo.com/mrss/"">Semiconductor Seals Market Size to Reach US$ 897.2 Million in 2025, Says Stratview Research - PRNewswire</title>"
18 Jan 2020,https://www.marketwatch.com/story/this-us-company-will-benefit-as-china-tries-to-catch-up-in-semiconductors-2020-01-17,semiconductor,US,"<source xmlns:media=""http://search.yahoo.com/mrss/"" url=""https://www.marketwatch.com"">MarketWatch</source>","<title xmlns:media=""http://search.yahoo.com/mrss/"">This U.S. company will benefit as China tries to catch up in semiconductors - MarketWatch</title>"
02 Jan 2020,https://www.fa-mag.com/news/tech-maven-leans-in-to-semiconductors-53302.html,semiconductor,US,"<source xmlns:media=""http://search.yahoo.com/mrss/"" url=""https://www.fa-mag.com"">Financial Advisor Magazine</source>","<title xmlns:media=""http://search.yahoo.com/mrss/"">Tech Maven Leans In To Semiconductors - Financial Advisor Magazine</title>"
14 Jan 2020,https://www.mobileworldlive.com/devices/news-devices/global-semiconductor-market-takes-a-hit,semiconductor,US,"<source xmlns:media=""http://search.yahoo.com/mrss/"" url=""https://www.mobileworldlive.com"">Mobile World Live</source>","<title xmlns:media=""http://search.yahoo.com/mrss/"">Global semiconductor market takes a hit - Mobile World Live</title>"
06 Jan 2020,https://www.globenewswire.com/news-release/2020/01/06/1966657/0/en/ON-Semiconductor-and-Pony-ai-Collaboration-on-Next-Gen-Image-Sensing-and-Processing-Technologies-for-Autonomous-Vehicles.html,semiconductor,US,"<source xmlns:media=""http://search.yahoo.com/mrss/"" url=""https://www.globenewswire.com"">GlobeNewswire</source>","<title xmlns:media=""http://search.yahoo.com/mrss/"">ON Semiconductor and Pony.ai Collaboration on Next-Gen Image Sensing and Processing Technologies for Autonomous - GlobeNewswire</title>"
16 Jan 2020,https://www.popularmechanics.com/science/a30555289/lithium-neutron-detector/,semiconductor,US,"<source xmlns:media=""http://search.yahoo.com/mrss/"" url=""https://www.popularmechanics.com"">Popular Mechanics</source>","<title xmlns:media=""http://search.yahoo.com/mrss/"">Lithium - What Lithium Is Used For - Lithium Uses - Popular Mechanics</title>"
21 Jan 2020,https://www.taiwannews.com.tw/en/news/3861646,semiconductor,US,"<source xmlns:media=""http://search.yahoo.com/mrss/"" url=""https://www.taiwannews.com.tw"">Taiwan News</source>","<title xmlns:media=""http://search.yahoo.com/mrss/"">South Korea no rival to Taiwan in semiconductor industry: minister - Taiwan News</title>"
24 Jan 2020,https://www.dividendinvestor.com/5-semiconductor-dividend-stocks-you-should-consider/,semiconductor,US,"<source xmlns:media=""http://search.yahoo.com/mrss/"" url=""https://www.dividendinvestor.com"">Dividend Investor</source>","<title xmlns:media=""http://search.yahoo.com/mrss/"">5 Semiconductor Dividend Stocks You Should Consider - DividendInvestor.com - Dividend Investor</title>"
22 Jan 2020,https://www.bloomberg.com/news/articles/2020-01-22/open-source-transformed-software-the-chip-industry-is-next,semiconductor,US,"<source xmlns:media=""http://search.yahoo.com/mrss/"" url=""https://www.bloomberg.com"">Bloomberg</source>","<title xmlns:media=""http://search.yahoo.com/mrss/"">Silicon Valley's Next Revolution Is Open Source Semiconductors - Bloomberg</title>"
22 Jan 2020,https://www.barrons.com/articles/buy-these-car-chip-makers-instead-of-tesla-or-gm-51579698016,semiconductor,US,"<source xmlns:media=""http://search.yahoo.com/mrss/"" url=""https://www.barrons.com"">Barron's</source>","<title xmlns:media=""http://search.yahoo.com/mrss/"">Buy These Car Chip Makers Instead of Tesla or GM - Barron's</title>"
06 Jan 2020,https://www.globenewswire.com/en/news-release/2020/01/06/1966242/0/en/GOWIN-Semiconductor-Takes-Leadership-Position-in-Always-On-Low-Power-FPGAs-with-GW1NZ-ZV-Device-Production.html,semiconductor,US,"<source xmlns:media=""http://search.yahoo.com/mrss/"" url=""https://www.globenewswire.com"">GlobeNewswire</source>","<title xmlns:media=""http://search.yahoo.com/mrss/"">GOWIN Semiconductor Takes Leadership Position in Always-On - GlobeNewswire</title>"
29 Jul 2021,https://spectrum.ieee.org/coming-soon-to-a-processor-near-you-atomthick-transistors,semiconductor,US,"<source xmlns:media=""http://search.yahoo.com/mrss/"" url=""https://spectrum.ieee.org"">IEEE Spectrum</source>","<title xmlns:media=""http://search.yahoo.com/mrss/"">Coming Soon to a Processor Near You: Atom-Thick Transistors - IEEE Spectrum</title>"
15 Jan 2020,https://asia.nikkei.com/Business/Technology/Exclusive-Washington-pressures-TSMC-to-make-chips-in-US,semiconductor,US,"<source xmlns:media=""http://search.yahoo.com/mrss/"" url=""https://asia.nikkei.com"">Nikkei Asian Review</source>","<title xmlns:media=""http://search.yahoo.com/mrss/"">Exclusive: Washington pressures TSMC to make chips in US - Nikkei Asian Review</title>"
23 Jan 2020,https://www.prnewswire.com/news-releases/semiconductor-manufacturing-equipment-market-worth-usd-119-00-billion-by-2026-at-8-0-cagr-high-demand-for-compact-products-to-spur-growth-fortune-business-insights-300991955.html,semiconductor,US,"<source xmlns:media=""http://search.yahoo.com/mrss/"" url=""https://www.prnewswire.com"">PRNewswire</source>","<title xmlns:media=""http://search.yahoo.com/mrss/"">Semiconductor Manufacturing Equipment Market Worth USD 119.00 Billion by 2026 at 8.0% CAGR; High Demand for Compact Products to Spur Growth: Fortune Business Insights™ - PRNewswire</title>"
16 Jan 2020,https://www.thestreet.com/investing/semiconductor-firms-to-pass-tariffs-on-to-customers,semiconductor,US,"<source xmlns:media=""http://search.yahoo.com/mrss/"" url=""https://www.thestreet.com"">TheStreet</source>","<title xmlns:media=""http://search.yahoo.com/mrss/"">Two-Thirds of Semiconductor Companies Plan to Pass Tariff Costs on to Customers: Survey - TheStreet</title>"
25 Jan 2020,https://www.eletimes.com/scientists-discover-a-blue-light-emitting-diode-from-a-semiconductor-material,semiconductor,US,"<source xmlns:media=""http://search.yahoo.com/mrss/"" url=""https://www.eletimes.com"">ELE Times</source>","<title xmlns:media=""http://search.yahoo.com/mrss/"">Scientists discover a blue light-emitting diode from a semiconductor material - ELE Times</title>"
22 Jan 2020,https://www.dallasnews.com/business/local-companies/2020/01/22/texas-instruments-to-close-two-dallas-area-factories-in-the-next-three-to-five-years/,semiconductor,US,"<source xmlns:media=""http://search.yahoo.com/mrss/"" url=""https://www.dallasnews.com"">The Dallas Morning News</source>","<title xmlns:media=""http://search.yahoo.com/mrss/"">Texas Instruments to close two Dallas-area factories in the next three to five years - The Dallas Morning News</title>"
13 Jan 2020,https://www.fool.com/investing/2020/01/13/why-taiwan-semiconductor-manufacturings-stock-gain.aspx,semiconductor,US,"<source xmlns:media=""http://search.yahoo.com/mrss/"" url=""https://www.fool.com"">Motley Fool</source>","<title xmlns:media=""http://search.yahoo.com/mrss/"">Why Taiwan Semiconductor Manufacturing's Stock Gained 57% in 2019 - Motley Fool</title>"
31 Jan 2020,https://www.prnewswire.com/news-releases/semiconductor-automated-test-equipment-ate-market-analysis-2019-2020-automotive-segment-provides-the-highest-growth-potential-for-ate-vendors-300996806.html,semiconductor,US,"<source xmlns:media=""http://search.yahoo.com/mrss/"" url=""https://www.prnewswire.com"">PRNewswire</source>","<title xmlns:media=""http://search.yahoo.com/mrss/"">Semiconductor Automated Test Equipment (ATE) Market Analysis 2019-2020: Automotive Segment Provides the Highest Growth Potential for ATE Vendors - PRNewswire</title>"
15 Jan 2020,https://www.barrons.com/articles/two-chip-stocks-to-bet-on-electric-vehicles-and-autonomous-driving-51579124647,semiconductor,US,"<source xmlns:media=""http://search.yahoo.com/mrss/"" url=""https://www.barrons.com"">Barron's</source>","<title xmlns:media=""http://search.yahoo.com/mrss/"">Two Chip Stocks to Bet on Electric Vehicles and Autonomous Driving - Barron's</title>"
03 Jan 2020,https://www.nasdaq.com/articles/4-funds-to-make-the-most-of-the-chip-market-boom-2020-01-03,semiconductor,US,"<source xmlns:media=""http://search.yahoo.com/mrss/"" url=""https://www.nasdaq.com"">Nasdaq</source>","<title xmlns:media=""http://search.yahoo.com/mrss/"">4 Funds to Make the Most of the Chip Market Boom - Nasdaq</title>"
10 Jan 2020,https://seekingalpha.com/article/4316247-taiwan-semiconductor-top-semiconductor-pick-for-2020,semiconductor,US,"<source xmlns:media=""http://search.yahoo.com/mrss/"" url=""https://seekingalpha.com"">Seeking Alpha</source>","<title xmlns:media=""http://search.yahoo.com/mrss/"">Taiwan Semiconductor: My Top Semiconductor Pick For 2020 - Seeking Alpha</title>"
23 Jan 2020,https://semiengineering.com/ai-and-big-data-set-to-reinvent-semiconductor-industry/,semiconductor,US,"<source xmlns:media=""http://search.yahoo.com/mrss/"" url=""https://semiengineering.com"">SemiEngineering</source>","<title xmlns:media=""http://search.yahoo.com/mrss/"">AI And Big Data Set To Reinvent Semiconductor Industry - SemiEngineering</title>"
20 Jan 2020,https://www.nytimes.com/2020/01/20/business/economy/trump-us-china-deal-micron-trade-war.html,semiconductor,US,"<source xmlns:media=""http://search.yahoo.com/mrss/"" url=""https://www.nytimes.com"">The New York Times</source>","<title xmlns:media=""http://search.yahoo.com/mrss/"">Trump’s China Deal Creates Collateral Damage for Tech Firms - The New York Times</title>"
06 Jan 2020,https://www.businesswire.com/news/home/20200106005617/en/Global-Semiconductor-Capital-Equipment-Market-2019-2023-6-CAGR-Projection-Through-2023-Technavio,semiconductor,US,"<source xmlns:media=""http://search.yahoo.com/mrss/"" url=""https://www.businesswire.com"">Business Wire</source>","<title xmlns:media=""http://search.yahoo.com/mrss/"">Global Semiconductor Capital Equipment Market 2019-2023 | 6% CAGR Projection Through 2023 | Technavio - Business Wire</title>"
03 Jan 2020,https://www.tomshardware.com/news/samsung-prototypes-first-ever-3nm-gaafet-semiconductor,semiconductor,US,"<source xmlns:media=""http://search.yahoo.com/mrss/"" url=""https://www.tomshardware.com"">Tom's Hardware</source>","<title xmlns:media=""http://search.yahoo.com/mrss/"">Samsung Prototypes First Ever 3nm GAAFET Semiconductor - Tom's Hardware</title>"
06 Jan 2020,https://www.notebookcheck.net/Samsung-is-testing-out-the-first-3-nm-GAAFET-semiconductor-prototypes.449337.0.html,semiconductor,US,"<source xmlns:media=""http://search.yahoo.com/mrss/"" url=""https://www.notebookcheck.net"">Notebookcheck.net</source>","<title xmlns:media=""http://search.yahoo.com/mrss/"">Samsung is testing out the first 3 nm GAAFET semiconductor prototypes - Notebookcheck.net</title>"
10 Jan 2020,https://www.prnewswire.com/news-releases/global-semiconductor-manufacturing-equipment-markets-2020-2025-300984947.html,semiconductor,US,"<source xmlns:media=""http://search.yahoo.com/mrss/"" url=""https://www.prnewswire.com"">PRNewswire</source>","<title xmlns:media=""http://search.yahoo.com/mrss/"">Global Semiconductor Manufacturing Equipment Markets, 2020-2025 - PRNewswire - PRNewswire</title>"
14 Jan 2020,https://www.ledinside.com/interview/2020/1/ces2020_seoulsemiconductor_microled,semiconductor,US,"<source xmlns:media=""http://search.yahoo.com/mrss/"" url=""https://www.ledinside.com"">LEDinside</source>","<title xmlns:media=""http://search.yahoo.com/mrss/"">【CES 2020】Seoul Semiconductor to Mass Produce Micro LED Product with Its Proprietary Mass Transfer Technology - LEDinside</title>"
27 Jan 2020,https://seekingalpha.com/article/4319159-asml-top-semiconductor-processing-equipment-company-pick,semiconductor,US,"<source xmlns:media=""http://search.yahoo.com/mrss/"" url=""https://seekingalpha.com"">Seeking Alpha</source>","<title xmlns:media=""http://search.yahoo.com/mrss/"">ASML: My Top Semiconductor Processing Equipment Company Pick - Seeking Alpha</title>"
29 Jan 2020,https://www.businesswire.com/news/home/20200129005128/en/Lattice-Semiconductor-Showcases-Low-Power-FPGA-based-AIML-Solutions-at-tinyML-Summit,semiconductor,US,"<source xmlns:media=""http://search.yahoo.com/mrss/"" url=""https://www.businesswire.com"">Business Wire</source>","<title xmlns:media=""http://search.yahoo.com/mrss/"">Lattice Semiconductor Showcases Low Power FPGA-based AI/ML Solutions at tinyML Summit - Business Wire</title>"
17 Jan 2020,https://eandt.theiet.org/content/articles/2020/01/future-horizons-2020-semiconductor-forecast-chip-market-s-boom-bust-cycle-takes-an-unusual-turn/,semiconductor,US,"<source xmlns:media=""http://search.yahoo.com/mrss/"" url=""https://eandt.theiet.org"">E&amp;T Magazine</source>","<title xmlns:media=""http://search.yahoo.com/mrss/"">Chip market's boom-bust cycle takes an unusual turn - E&amp;T Magazine</title>"
23 Jan 2020,https://semiengineering.com/sic-foundry-business-emerges/,semiconductor,US,"<source xmlns:media=""http://search.yahoo.com/mrss/"" url=""https://semiengineering.com"">SemiEngineering</source>","<title xmlns:media=""http://search.yahoo.com/mrss/"">SiC Foundry Business Emerges - SemiEngineering - SemiEngineering</title>"
06 Jan 2020,https://www.lightreading.com/iot/qorvo-partners-with-nordic-semiconductor/d/d-id/756597,semiconductor,US,"<source xmlns:media=""http://search.yahoo.com/mrss/"" url=""https://www.lightreading.com"">Light Reading</source>","<title xmlns:media=""http://search.yahoo.com/mrss/"">Qorvo Partners With Nordic Semiconductor - Light Reading</title>"
30 Jan 2020,https://www.eenewseurope.com/news/encapsulation-technique-enables-super-thin-semiconductors,semiconductor,US,"<source xmlns:media=""http://search.yahoo.com/mrss/"" url=""https://www.eenewseurope.com"">eeNews Europe</source>","<title xmlns:media=""http://search.yahoo.com/mrss/"">Encapsulation technology enables super-thin semiconductors - eeNews Europe</title>"
03 Jan 2020,https://investorplace.com/2020/01/5-semiconductor-stocks-to-buy-for-big-gains-in-2020/,semiconductor,US,"<source xmlns:media=""http://search.yahoo.com/mrss/"" url=""https://investorplace.com"">Investorplace.com</source>","<title xmlns:media=""http://search.yahoo.com/mrss/"">5 Semiconductor Stocks to Buy for Big Gains In 2020 - Investorplace.com</title>"
02 Jan 2020,https://www.bizjournals.com/portland/news/2020/01/02/turnover-continues-at-lattice-semiconductor-with.html,semiconductor,US,"<source xmlns:media=""http://search.yahoo.com/mrss/"" url=""https://www.bizjournals.com"">Portland Business Journal</source>","<title xmlns:media=""http://search.yahoo.com/mrss/"">Brian Beattie leaves Lattice Semiconductor (Nasdaq: LSCC) board of directors - Portland Business Journal - Portland Business Journal</title>"
10 Jan 2020,https://www.bizjournals.com/dallas/news/2020/01/10/diodes-lite-on.html,semiconductor,US,"<source xmlns:media=""http://search.yahoo.com/mrss/"" url=""https://www.bizjournals.com"">Dallas Business Journal</source>","<title xmlns:media=""http://search.yahoo.com/mrss/"">Diodes says $428M acquisition of Lite-On Semiconductor will take longer amid regulatory scrutiny - Dallas Business Journal - Dallas Business Journal</title>"
16 Jan 2020,https://www.digitimes.com/news/a20200115PR202.html,semiconductor,US,"<source xmlns:media=""http://search.yahoo.com/mrss/"" url=""https://www.digitimes.com"">Digitimes</source>","<title xmlns:media=""http://search.yahoo.com/mrss/"">Worldwide semiconductor revenue drops 11.9% in 2019, says Gartner (Jan 16, 2020) - Digitimes</title>"
23 Jan 2020,https://seekingalpha.com/article/4318639-ishares-phlx-semiconductor-etf-is-expensive-long-term-growth-outlook-appears-to-be-favorable,semiconductor,US,"<source xmlns:media=""http://search.yahoo.com/mrss/"" url=""https://seekingalpha.com"">Seeking Alpha</source>","<title xmlns:media=""http://search.yahoo.com/mrss/"">iShares PHLX Semiconductor ETF Is Expensive, But Long-Term Growth Outlook Appears To Be Favorable - Seeking Alpha</title>"
24 Jan 2020,https://www.sciencedaily.com/releases/2020/01/200124155110.htm,semiconductor,US,"<source xmlns:media=""http://search.yahoo.com/mrss/"" url=""https://www.sciencedaily.com"">Science Daily</source>","<title xmlns:media=""http://search.yahoo.com/mrss/"">Blue-emitting diode demonstrates limitations and promise of perovskite semiconductors: Study shows all halide perovskites inherently unstable, requiring great attention to environment - Science Daily</title>"
19 Jan 2020,https://english.hani.co.kr/arti/english_edition/e_business/924948.html,semiconductor,US,"<source xmlns:media=""http://search.yahoo.com/mrss/"" url=""https://english.hani.co.kr"">The Hankyoreh</source>","<title xmlns:media=""http://search.yahoo.com/mrss/"">The potential future of S. Korea's semiconductor ecosystem - The Hankyoreh</title>"
08 Jan 2020,https://www.tradestation.com/insights/2020/01/08/dow-theory-obsolete-semiconductors-new-transports/,semiconductor,US,"<source xmlns:media=""http://search.yahoo.com/mrss/"" url=""https://www.tradestation.com"">TradeStation</source>","<title xmlns:media=""http://search.yahoo.com/mrss/"">Are Chips the New Transports for Dow Theory Confirmation? - TradeStation</title>"
14 Jan 2020,https://www.globenewswire.com/news-release/2020/01/14/1970100/28124/en/The-415M-Electronic-Grade-Sulfuric-Acid-Market-2024-Analysis-on-Applications-in-Semiconductors-PCB-Panels-and-Pharmaceuticals.html,semiconductor,US,"<source xmlns:media=""http://search.yahoo.com/mrss/"" url=""https://www.globenewswire.com"">GlobeNewswire</source>","<title xmlns:media=""http://search.yahoo.com/mrss/"">The $415M Electronic Grade Sulfuric Acid Market, 2024: Analysis on Applications in Semiconductors, PCB Panels - GlobeNewswire</title>"
16 Jan 2020,https://www.techexplorist.com/first-stable-semiconductor-neutron-detector/29198/,semiconductor,US,"<source xmlns:media=""http://search.yahoo.com/mrss/"" url=""https://www.techexplorist.com"">Tech Explorist</source>","<title xmlns:media=""http://search.yahoo.com/mrss/"">First stable semiconductor neutron detector - Tech Explorist</title>"
14 Jan 2020,https://seekingalpha.com/article/4316652-taiwan-semiconductor-is-tremendously-overbought-ahead-of-earnings,semiconductor,US,"<source xmlns:media=""http://search.yahoo.com/mrss/"" url=""https://seekingalpha.com"">Seeking Alpha</source>","<title xmlns:media=""http://search.yahoo.com/mrss/"">Taiwan Semiconductor Is Tremendously Overbought Ahead Of Earnings - Seeking Alpha</title>"
06 Jan 2020,https://www.businesswire.com/news/home/20200106005382/en/Seoul-Semiconductor-and-Seoul-Viosys-Showcase-the-World%E2%80%99s-First-One-Pixel-Micro-LED-Enabling-4K-Resolution-TV-from-42in-to-220in-at-CES-2020,semiconductor,US,"<source xmlns:media=""http://search.yahoo.com/mrss/"" url=""https://www.businesswire.com"">Business Wire</source>","<title xmlns:media=""http://search.yahoo.com/mrss/"">Seoul Semiconductor and Seoul Viosys Showcase the World's First One Pixel Micro LED Enabling 4K Resolution TV from 42in to 220in at CES 2020 - Business Wire</title>"
07 Jan 2020,https://www.bloomberg.com/news/videos/2020-01-08/semiconductor-advisors-maire-on-samsung-industry-outlook-video,semiconductor,US,"<source xmlns:media=""http://search.yahoo.com/mrss/"" url=""https://www.bloomberg.com"">Bloomberg</source>","<title xmlns:media=""http://search.yahoo.com/mrss/"">Semiconductor Advisors' Maire on Samsung, Industry Outlook - Bloomberg</title>"
09 Jan 2020,https://semiengineering.com/security-risks-in-the-supply-chain/,semiconductor,US,"<source xmlns:media=""http://search.yahoo.com/mrss/"" url=""https://semiengineering.com"">SemiEngineering</source>","<title xmlns:media=""http://search.yahoo.com/mrss/"">Security Risks In The Supply Chain - SemiEngineering</title>"
09 Jan 2020,"https://www.calcalistech.com/ctech/articles/0,7340,L-3777428,00.html",semiconductor,US,"<source xmlns:media=""http://search.yahoo.com/mrss/"" url=""https://www.calcalistech.com"">CTech</source>","<title xmlns:media=""http://search.yahoo.com/mrss/"">Auto Parts Company Aptiv Partners With Automotive Chip Company Valens | Ctech - CTech</title>"
09 Jan 2020,https://www.economist.com/business/2020/01/09/a-revival-is-under-way-in-the-chip-business,semiconductor,US,"<source xmlns:media=""http://search.yahoo.com/mrss/"" url=""https://www.economist.com"">The Economist</source>","<title xmlns:media=""http://search.yahoo.com/mrss/"">A revival is under way in the chip business - The Economist</title>"
04 Jan 2020,https://wccftech.com/samsung-makes-the-first-3nm-gaafet-semiconductor/,semiconductor,US,"<source xmlns:media=""http://search.yahoo.com/mrss/"" url=""https://wccftech.com"">Wccftech</source>","<title xmlns:media=""http://search.yahoo.com/mrss/"">Samsung Makes the First 3nm GAAFET Semiconductor! - Wccftech</title>"
06 Jan 2020,https://www.forbes.com/sites/greatspeculations/2020/01/06/after-growing-18-in-2-years-why-is-texas-instruments-revenue-expected-to-drop-3-over-the-next-2-years/,semiconductor,US,"<source xmlns:media=""http://search.yahoo.com/mrss/"" url=""https://www.forbes.com"">Forbes</source>","<title xmlns:media=""http://search.yahoo.com/mrss/"">After Growing 18% In 2 Years, Why Is Texas Instruments’ Revenue Expected To Drop 3% Over The Next 2 Years? - Forbes</title>"
06 Jan 2020,https://www.businesswire.com/news/home/20200106005237/en/Analogix-Introduces-Industry%E2%80%99s-Lowest-Power-UHD-eDP-TCON-With-3D-Color-Gamut-Rotation-and-In-Cell-Touch,semiconductor,US,"<source xmlns:media=""http://search.yahoo.com/mrss/"" url=""https://www.businesswire.com"">Business Wire</source>","<title xmlns:media=""http://search.yahoo.com/mrss/"">Analogix Introduces Industry's Lowest Power UHD eDP TCON With 3D Color Gamut Rotation and In-Cell Touch - Business Wire</title>"
27 Jan 2020,http://www.semiconductor-today.com/news_items/2020/jan/nitride-semi-270120.shtml,semiconductor,US,"<source xmlns:media=""http://search.yahoo.com/mrss/"" url=""http://www.semiconductor-today.com"">Semiconductor Today</source>","<title xmlns:media=""http://search.yahoo.com/mrss/"">Nitride Semiconductor wins UV LED patent lawsuits in USA against RayVio - Semiconductor Today</title>"
28 Jan 2020,http://www.koreaherald.com/view.php?ud=20200128000651,semiconductor,US,"<source xmlns:media=""http://search.yahoo.com/mrss/"" url=""http://www.koreaherald.com"">The Korea Herald</source>","<title xmlns:media=""http://search.yahoo.com/mrss/"">Semiconductors again top list of S. Korea's export items in 2019 - The Korea Herald</title>"
07 Jan 2020,https://www.eurekalert.org/pub_releases/2020-01/fb-viu010720.php,semiconductor,US,"<source xmlns:media=""http://search.yahoo.com/mrss/"" url=""https://www.eurekalert.org"">EurekAlert</source>","<title xmlns:media=""http://search.yahoo.com/mrss/"">Versatile in use -- FBH semiconductor light sources - EurekAlert</title>"
16 Jan 2020,http://www.semiconductor-today.com/news_items/2020/jan/heriotwatt-160120.shtml,semiconductor,US,"<source xmlns:media=""http://search.yahoo.com/mrss/"" url=""http://www.semiconductor-today.com"">Semiconductor Today</source>","<title xmlns:media=""http://search.yahoo.com/mrss/"">Indium selenide expands potential of 2D optoelectronic structures - Semiconductor Today</title>"
06 Jan 2020,https://www.prnewswire.com/news-releases/innovative-foundry-technologies-files-patent-infringement-suit-against-smic-broadcom-cypress-semiconductor-and-dish-network-300981639.html,semiconductor,US,"<source xmlns:media=""http://search.yahoo.com/mrss/"" url=""https://www.prnewswire.com"">PRNewswire</source>","<title xmlns:media=""http://search.yahoo.com/mrss/"">Innovative Foundry Technologies Files Patent Infringement Suit Against SMIC, Broadcom, Cypress Semiconductor and DISH Network - PRNewswire</title>"
17 Jan 2020,https://infotechlead.com/networking/intel-regains-1-rank-in-semiconductor-industry-in-2019-gartner-60537,semiconductor,US,"<source xmlns:media=""http://search.yahoo.com/mrss/"" url=""https://infotechlead.com"">InfotechLead.com</source>","<title xmlns:media=""http://search.yahoo.com/mrss/"">Intel regains #1 rank in semiconductor industry in 2019: Gartner - InfotechLead.com</title>"
06 Jan 2020,https://www.heraldscotland.com/business_hq/18141820.300-jobs-secured-greenock-semiconductor-plant-us-owner-plans-huge-investment/,semiconductor,US,"<source xmlns:media=""http://search.yahoo.com/mrss/"" url=""https://www.heraldscotland.com"">HeraldScotland</source>","<title xmlns:media=""http://search.yahoo.com/mrss/"">300 jobs secured at Greenock semiconductor plant as US owner plans huge investment | HeraldScotland - HeraldScotland</title>"
16 Jan 2020,https://www.allaboutcircuits.com/news/silanna-semiconductors-active-clamp-flyback-controllers-combine-four-acf-subsystems/,semiconductor,US,"<source xmlns:media=""http://search.yahoo.com/mrss/"" url=""https://www.allaboutcircuits.com"">All About Circuits</source>","<title xmlns:media=""http://search.yahoo.com/mrss/"">Silanna Semiconductor's Active Clamp Flyback Controllers Combine Four ACF Subsystems - News - All About Circuits</title>"
29 Jan 2020,https://www.businesswire.com/news/home/20200129005505/en/Semiconductors-Market-in-Vietnam-2020-2024-19-CAGR-Projection-Through-2024-Technavio,semiconductor,US,"<source xmlns:media=""http://search.yahoo.com/mrss/"" url=""https://www.businesswire.com"">Business Wire</source>","<title xmlns:media=""http://search.yahoo.com/mrss/"">Semiconductors Market in Vietnam 2020-2024 | 19% CAGR Projection Through 2024 | Technavio - Business Wire</title>"
08 Jan 2020,https://asia.nikkei.com/Spotlight/Tech-scroll-Asia/Taiwan-s-UMC-hunts-for-acquisitions-as-China-closes-in,semiconductor,US,"<source xmlns:media=""http://search.yahoo.com/mrss/"" url=""https://asia.nikkei.com"">Nikkei Asian Review</source>","<title xmlns:media=""http://search.yahoo.com/mrss/"">Taiwan's UMC hunts for acquisitions as China closes in - Nikkei Asian Review</title>"
21 Jan 2020,https://autonews.gasgoo.com/m/Detail/70016807.html,semiconductor,US,"<source xmlns:media=""http://search.yahoo.com/mrss/"" url=""https://autonews.gasgoo.com"">Gasgoo Auto News</source>","<title xmlns:media=""http://search.yahoo.com/mrss/"">BYD's wholly-owned subsidiary sets up new semiconductor company - Gasgoo Auto News</title>"
24 Jan 2020,http://www.semiconductor-today.com/news_items/2020/jan/yole-240120.shtml,semiconductor,US,"<source xmlns:media=""http://search.yahoo.com/mrss/"" url=""http://www.semiconductor-today.com"">Semiconductor Today</source>","<title xmlns:media=""http://search.yahoo.com/mrss/"">Epitaxy equipment market to grow from $940m to over $6bn by 2025, driven by VCSEL and disruptive LED devices - Semiconductor Today</title>"
08 Jan 2020,https://www.reuters.com/article/us-southkorea-japan-dupont-de-idUSKBN1Z805B,semiconductor,US,"<source xmlns:media=""http://search.yahoo.com/mrss/"" url=""https://www.reuters.com"">Reuters</source>","<title xmlns:media=""http://search.yahoo.com/mrss/"">Amid trade row with Japan, South Korea gains Dupont investment to make chip materials - Reuters</title>"
14 Jan 2020,https://compoundsemiconductor.net/article/109960/ST_Readies_For_SiC_Take-off,semiconductor,US,"<source xmlns:media=""http://search.yahoo.com/mrss/"" url=""https://compoundsemiconductor.net"">Compound Semiconductor</source>","<title xmlns:media=""http://search.yahoo.com/mrss/"">ST readies for SiC take-off - News - Compound Semiconductor</title>"
10 Jan 2020,https://www.fierceelectronics.com/electronics/sos-lab-teams-semi-lidar,semiconductor,US,"<source xmlns:media=""http://search.yahoo.com/mrss/"" url=""https://www.fierceelectronics.com"">FierceElectronics</source>","<title xmlns:media=""http://search.yahoo.com/mrss/"">SOS LAB teams with ON Semi on LiDAR - FierceElectronics</title>"
16 Jan 2020,https://www.techspot.com/news/83583-intel-recaptures-title-world-largest-semiconductor-vendor-revenue.html,semiconductor,US,"<source xmlns:media=""http://search.yahoo.com/mrss/"" url=""https://www.techspot.com"">TechSpot</source>","<title xmlns:media=""http://search.yahoo.com/mrss/"">Intel recaptures title of world's largest semiconductor vendor by revenue - TechSpot</title>"
13 Jan 2020,https://seekingalpha.com/news/3531452-dialog-semiconductor-reports-preliminary-q4-revenue,semiconductor,US,"<source xmlns:media=""http://search.yahoo.com/mrss/"" url=""https://seekingalpha.com"">Seeking Alpha</source>","<title xmlns:media=""http://search.yahoo.com/mrss/"">Dialog Semiconductor reports preliminary Q4 revenue - Seeking Alpha</title>"
13 Jan 2020,https://themalaysianreserve.com/2020/01/13/semiconductor-to-maintain-momentum-on-rising-5g-demand/,semiconductor,US,"<source xmlns:media=""http://search.yahoo.com/mrss/"" url=""https://themalaysianreserve.com"">The Malaysian Reserve</source>","<title xmlns:media=""http://search.yahoo.com/mrss/"">Semiconductor to maintain momentum on rising 5G... - The Malaysian Reserve</title>"
29 Jan 2020,https://www.globenewswire.com/news-release/2020/01/29/1976956/0/en/Global-Atomic-Layer-Deposition-ALD-Market-is-Expected-to-Reach-USD-9-51-Billion-by-2025-Fior-Markets.html,semiconductor,US,"<source xmlns:media=""http://search.yahoo.com/mrss/"" url=""https://www.globenewswire.com"">GlobeNewswire</source>","<title xmlns:media=""http://search.yahoo.com/mrss/"">Global Atomic Layer Deposition (ALD) Market is Expected to Reach USD 9.51 Billion by 2025 - GlobeNewswire</title>"
07 Jan 2020,https://www.equities.com/news/the-rise-of-semiconductor-content-per-vehicle-is-a-win-for-texas-instruments,semiconductor,US,"<source xmlns:media=""http://search.yahoo.com/mrss/"" url=""https://www.equities.com"">Equities.com</source>","<title xmlns:media=""http://search.yahoo.com/mrss/"">​The Rise in Semiconductor Content Per Vehicle Is a Win for Texas Instruments - Equities.com</title>"
23 Jan 2020,https://compoundsemiconductor.net/article/110086/Yole_Forecasts_Big_Changes_In_Epitaxy_Market%7BfeatureExtra%7D,semiconductor,US,"<source xmlns:media=""http://search.yahoo.com/mrss/"" url=""https://compoundsemiconductor.net"">Compound Semiconductor</source>","<title xmlns:media=""http://search.yahoo.com/mrss/"">Yole forecasts big changes in Epitaxy market - News - Compound Semiconductor</title>"
05 Jan 2020,https://www.somagnews.com/samsung-produces-worlds-first-3-nm-semiconductor-prototype/,semiconductor,US,"<source xmlns:media=""http://search.yahoo.com/mrss/"" url=""https://www.somagnews.com"">Somag News</source>","<title xmlns:media=""http://search.yahoo.com/mrss/"">Samsung Produces World's First 3 nm Semiconductor Prototype - Somag News</title>"
15 Jan 2020,https://www.theedgemarkets.com/article/5g-adoption-catalyse-semiconductor-sector-amid-trade-war-uncertainties,semiconductor,US,"<source xmlns:media=""http://search.yahoo.com/mrss/"" url=""https://www.theedgemarkets.com"">The Edge Markets MY</source>","<title xmlns:media=""http://search.yahoo.com/mrss/"">'5G adoption to catalyse semiconductor sector amid trade war uncertainties' - The Edge Markets MY</title>"
06 Jan 2020,https://gcn.com/articles/2020/01/06/2d-3d-integrated-circuits.aspx,semiconductor,US,"<source xmlns:media=""http://search.yahoo.com/mrss/"" url=""https://gcn.com"">GCN.com</source>","<title xmlns:media=""http://search.yahoo.com/mrss/"">2D and 3D combo could keep Moore's Law going - GCN.com</title>"
23 Jan 2020,https://www.cnbc.com/2020/01/23/semis-stocks-crashed-27percent-the-last-time-the-charts-flashed-this-signal.html,semiconductor,US,"<source xmlns:media=""http://search.yahoo.com/mrss/"" url=""https://www.cnbc.com"">CNBC</source>","<title xmlns:media=""http://search.yahoo.com/mrss/"">Semis stocks crashed 27% the last time the charts flashed this signal - CNBC</title>"
23 Jan 2020,https://semiengineering.com/5-3nm-wars-begin/,semiconductor,US,"<source xmlns:media=""http://search.yahoo.com/mrss/"" url=""https://semiengineering.com"">SemiEngineering</source>","<title xmlns:media=""http://search.yahoo.com/mrss/"">Semi Engineering: 5/3nm Wars Begin - SemiEngineering - SemiEngineering</title>"
28 Jan 2020,https://www.fierceelectronics.com/electronics/how-ai-chips-will-explode-3x-by-2025-startups-like-hailo-syntiant-and-groq,semiconductor,US,"<source xmlns:media=""http://search.yahoo.com/mrss/"" url=""https://www.fierceelectronics.com"">FierceElectronics</source>","<title xmlns:media=""http://search.yahoo.com/mrss/"">How AI chips will explode 3x by 2025 with startups like Hailo, Syntiant and Groq - FierceElectronics</title>"
16 Jan 2020,https://www.businesswire.com/news/home/20200116005311/en/Global-Electronic-Grade-Sulfuric-Acid-Market-Size-is-Estimated-to-be-USD-300-Million-in-2019-is-Projected-to-reach-USD-415-Million-by-2024-at-a-CAGR-of-6.7---ResearchAndMarkets.com,semiconductor,US,"<source xmlns:media=""http://search.yahoo.com/mrss/"" url=""https://www.businesswire.com"">Business Wire</source>","<title xmlns:media=""http://search.yahoo.com/mrss/"">Global Electronic Grade Sulfuric Acid Market Size is Estimated to be USD 300 Million in 2019 &amp; is Projected to reach USD 415 Million by 2024, at a CAGR of 6.7% - ResearchAndMarkets.com - Business Wire</title>"
17 Jan 2020,https://www.trefis.com/stock/ssnlf/articles/480598/why-samsung-plans-to-double-down-on-the-170-billion-logic-chip-market/2020-01-17,semiconductor,US,"<source xmlns:media=""http://search.yahoo.com/mrss/"" url=""https://www.trefis.com"">Trefis</source>","<title xmlns:media=""http://search.yahoo.com/mrss/"">Why Samsung Plans To Double Down On The $170 Billion Logic Chip Market - Trefis</title>"
06 Jan 2020,https://www.insider.co.uk/news/diodes-semiconductor-plant-wins-137-21224530,semiconductor,US,"<source xmlns:media=""http://search.yahoo.com/mrss/"" url=""https://www.insider.co.uk"">Insider.co.uk</source>","<title xmlns:media=""http://search.yahoo.com/mrss/"">Diodes semiconductor plant wins £13.7 funding boost - Insider.co.uk</title>"
02 Jan 2020,https://www.nasdaq.com/articles/4-chip-stocks-to-gain-from-chinas-reliance-on-us-tech-2020-01-02,semiconductor,US,"<source xmlns:media=""http://search.yahoo.com/mrss/"" url=""https://www.nasdaq.com"">Nasdaq</source>","<title xmlns:media=""http://search.yahoo.com/mrss/"">4 Chip Stocks to Gain From China's Reliance on US Tech - Nasdaq</title>"
