title,excerpt,source,date,query,start_period,end_period,region
"Taiwan Semiconductor Boosted Its Capex Budget. Analysts Say That’s Good 
News for Chip Stocks.","Taiwan Semiconductor (TSM) posted fourth-quarter revenue of $10.39 billion, 
up 10.6% both from a year ago and from the third quarter, but slightly 
below the ...",Barron's,16 Jan 2020,semiconductor,1/1/2020,1/31/2020,GB
TSMC's Strong Earnings Emphasizes Semiconductor Trends,"Taiwan Semiconductor Manufacturing Company aka TSMC TSM, kicked off 
earnings for chip makers on a positive note this morning. TSMC is the 
largest semiconductor ...",Yahoo Finance,16 Jan 2020,semiconductor,1/1/2020,1/31/2020,GB
Chipmaker TSMC says ready for potential new US export controls,"Taiwan Semiconductor Manufacturing, the world's largest contract chipmaker, 
said it was ready to deal with potential new US export controls, which 
it ...",Financial Times,15 Jan 2020,semiconductor,1/1/2020,1/31/2020,GB
Lithium-based semiconductor detects thermal neutrons,"A new semiconductor made from lithium, indium, phosphorus, and selenium 
could lead the way to hand-held, portable, sensitive neutron detectors 
(Nature 2020, ...",C&EN,15 Jan 2020,semiconductor,1/1/2020,1/31/2020,GB
Exclusive: Washington pressures TSMC to make chips in US,"TAIPEI -- Washington has upped the pressure on Taiwan Semiconductor 
Manufacturing Co. to produce its military-use chips in the U.S., in order 
to ensure that ...",Nikkei Asia,15 Jan 2020,semiconductor,1/1/2020,1/31/2020,GB
Global semiconductor market takes a hit,"The global semiconductor industry experienced a double-digit decline in 
revenue during 2019, as weak performance in the memory market affected many 
of the ...",Mobile World Live,14 Jan 2020,semiconductor,1/1/2020,1/31/2020,GB
South Korea no rival to Taiwan in semiconductor industry ...,"TAIPEI (Taiwan News) — South Korea can hardly compete with Taiwan in 
semiconductor manufacturing despite the ambitious move by Samsung 
Electronics to put a ...",Taiwan News,21 Jan 2020,semiconductor,1/1/2020,1/31/2020,GB
"New Semiconductor Technologies Driving Down Cost Of Electric Vehicle 
Batteries","Gallium nitride (GaN) and silicon carbide (SiC) are two semiconductor 
technologies in the driver's seat to change all that. Electric Car Battery 
Box. Close-up ...",Forbes,8 Jan 2020,semiconductor,1/1/2020,1/31/2020,GB
Intel retook semiconductor top spot from Samsung in 2019,"Worldwide revenue for semiconductors, however, was only around $418 billion 
-- a decline of 12% from 2018, it said. Intel was top in 2019 revenue at 
around ...",ZDNet,15 Jan 2020,semiconductor,1/1/2020,1/31/2020,GB
ON Semiconductor and Pony.ai Collaboration on Next-Gen ...,"06, 2020 (GLOBE NEWSWIRE) -- ON Semiconductor (Nasdaq: ON), driving energy 
efficient innovations, and Pony.ai, a leading autonomous driving 
technology ...",GlobeNewswire,6 Jan 2020,semiconductor,1/1/2020,1/31/2020,GB
AKHAN Semiconductor Issued Major Patent in United States,"CHICAGO--(BUSINESS WIRE)--AKHAN Semiconductor, a technology company 
specializing in the fabrication and application of lab-grown, 
electronic-grade diamonds, ...",Business Wire,30 Jan 2020,semiconductor,1/1/2020,1/31/2020,GB
GOWIN Semiconductor Takes Leadership Position in Always-On,"SAN JOSE, Calif. and GUANGZHOU, China, Jan. 06, 2020 (GLOBE NEWSWIRE) -- 
GOWIN Semiconductor Corp., the world's fastest-growing programmable logic 
company, ...",GlobeNewswire,6 Jan 2020,semiconductor,1/1/2020,1/31/2020,GB
Trump’s China Deal Creates Collateral Damage for Tech Firms,"Trump set out to protect. “Let's be clear, the trade war has been very bad 
for the semiconductor industry in several ways,” said Robert D. Atkinson, 
president ...",The New York Times,20 Jan 2020,semiconductor,1/1/2020,1/31/2020,GB
Lattice Semiconductor Showcases Low Power FPGA-based AI ...,"Lattice Semiconductor Showcases Low Power FPGA-based AI/ML Solutions at 
tinyML Summit. January 29, 2020 04:00 PM Eastern Standard Time. HILLSBORO, 
Ore.--( ...",Business Wire,29 Jan 2020,semiconductor,1/1/2020,1/31/2020,GB
SOS LAB Signs a LiDAR Collaboration MOU with ON ...,"ON Semiconductor is the leading provider of intelligent sensing solutions 
for automotive and autonomous perception, with advanced technology 
targeting all ...",Business Wire,9 Jan 2020,semiconductor,1/1/2020,1/31/2020,GB
"Texas Instruments to close two Dallas-area factories in the next three to 
five years","The semiconductor maker plans to gradually shut down the manufacturing 
facilities in Dallas and Sherman. It said the closures will be completed 
between 2023 and ...",Dallas Morning News,22 Jan 2020,semiconductor,1/1/2020,1/31/2020,GB
A structurally unstable semiconductor stabilized and ...,"Semiconductors in modern electronic devices are most commonly used as thin 
films, and the maximum sustainable strain of a film is less than a few per 
cent.",Nature,8 Jan 2020,semiconductor,1/1/2020,1/31/2020,GB
An electrically pumped surface-emitting semiconductor green ...,"Surface-emitting semiconductor lasers have been widely used in data 
communications, sensing, and recently in Face ID and augmented reality 
glasses.",Science Advances,3 Jan 2020,semiconductor,1/1/2020,1/31/2020,GB
BES completes $10m semiconductor facility for CSA Catapult,"Boulting Environmental Services has completed an £8.1 million ($10.5m) 
design and build project to deliver Compound Semiconductor Applications 
(CSA) ...",Cleanroom Technology,20 Jan 2020,semiconductor,1/1/2020,1/31/2020,GB
"Trump administration pressed Dutch hard to cancel China chip-equipment 
sale: sources","The U.S. campaign began in 2018, after the Dutch government gave 
semiconductor equipment company ASML, the global leader in a critical 
chip-making process known ...",Reuters,5 Jan 2020,semiconductor,1/1/2020,1/31/2020,GB
Breaking news: Zhonghuan Semiconductor up for sale – pv ...,"Breaking news: Zhonghuan Semiconductor up for sale. The body responsible 
for state-owned assets in the Chinese port city of Tianjin has approved 
plans to sell ...",PV Magazine,21 Jan 2020,semiconductor,1/1/2020,1/31/2020,GB
What the semiconductor industry tells us about the world ...,"The cost structure of the chip business is central to this enigma. A 
semiconductor fabrication plant, or fab, costs billions of dollars to 
build. A sudden jump ...",The Economist,16 Jan 2020,semiconductor,1/1/2020,1/31/2020,GB
Why Taiwan Semiconductor Manufacturing's Stock Gained 57% in 2019,"Positive macro trends in the semiconductor industry met Taiwan Semi's 
cutting-edge manufacturing process to send share prices skyrocketing in the 
fall.",The Motley Fool,13 Jan 2020,semiconductor,1/1/2020,1/31/2020,GB
This U.S. company will benefit as China tries to catch up in semiconductors,"In its attempt to reduce dependence on the U.S. in semiconductors, China is 
likely to ramp up its semiconductor manufacturing and design capabilities. 
• There ...",MarketWatch,18 Jan 2020,semiconductor,1/1/2020,1/31/2020,GB
North American semiconductor equipment industry posts high ...,"North America-based manufacturers of semiconductor equipment posted $2.49 
billion in billings worldwide in December 2019. This is according to the 
December ...",Robotics & Automation News,26 Jan 2020,semiconductor,1/1/2020,1/31/2020,GB
Silicon Valley's Next Revolution Is Open Source Semiconductors,"Intel, ARM targeted by project that began as a teaching tool · Big tech 
companies explore RISC-V in search of 'freedom' ...",Bloomberg.com,22 Jan 2020,semiconductor,1/1/2020,1/31/2020,GB
"Worldwide semiconductor revenue drops 11.9% in 2019, says ...","Worldwide semiconductor revenue totaled US$418.3 billion in 2019, down 
11.9% from 2018, according to Gartner. Intel regained the No.",DigiTimes,16 Jan 2020,semiconductor,1/1/2020,1/31/2020,GB
4 Chip Stocks to Gain From China's Reliance on US Tech,"This is because these companies have considerable exposure to the world's 
biggest chip market — China. In addition, developments in the semiconductor 
industry ...",Yahoo Finance,3 Jan 2020,semiconductor,1/1/2020,1/31/2020,GB
Semiconductor Seals Market Size to Reach US$ 897.2 Million ...,"Several factors are driving the demand for seals in the semiconductor 
industry including increasing demand for semiconductors in high bandwidth 
smartphones, ...",PR Newswire,27 Jan 2020,semiconductor,1/1/2020,1/31/2020,GB
Workforce Singapore ramps up reskilling efforts for electronics ...,"To help workers in this industry cope better with the changes, the 
Workforce Singapore (WSG) will work with the Singapore Semiconductor 
Industry Association and ...",The Straits Times,30 Jan 2020,semiconductor,1/1/2020,1/31/2020,GB
Buy These Car Chip Makers Instead of Tesla or GM,"Its reasoning: The gradual uptake of electric and sort-of autonomous 
vehicles will push semiconductor spending higher. Currently, spending on 
semiconductors for ...",Barron's,22 Jan 2020,semiconductor,1/1/2020,1/31/2020,GB
Coming Soon to a Processor Near You: Atom-Thick Transistors ,"Certain 2D semiconductors could circumvent short-channel effects, we think, 
by replacing the silicon in the device channel. A 2D semiconductor provides 
a very ...",IEEE Spectrum,02 Aug 2021,semiconductor,1/1/2020,1/31/2020,GB
Scientists discover a blue light-emitting diode from a ...,"“This is new physics: a new class of semiconductors that can be readily 
reconfigured, ... Making semiconductor diodes that emit blue light has 
always been a ...",ELE Times,25 Jan 2020,semiconductor,1/1/2020,1/31/2020,GB
Taiwan's UMC hunts for acquisitions as China closes in,"UMC's market share will also face further challenge from Taiwan 
Semiconductor Manufacturing Co., the world's biggest contract chipmaker 
with more than 50% of ...",Nikkei Asia,8 Jan 2020,semiconductor,1/1/2020,1/31/2020,GB
Two Chip Stocks to Bet on Electric Vehicles and Autonomous Driving,"He singled out two companies as plays on electric vehicles and ADAS: NXP 
Semiconductors (NXPI) and ON Semiconductor (ON). NXP is the largest 
automotive-chip ...",Barron's,15 Jan 2020,semiconductor,1/1/2020,1/31/2020,GB
'5G adoption to catalyse semiconductor sector amid trade war ...,"It is worth noting that the World Semiconductor Trade Statistics recently 
projected that annual global sales of semiconductors were expected to fall 
12.8% in ...",The Edge Markets,15 Jan 2020,semiconductor,1/1/2020,1/31/2020,GB
【CES 2020】Seoul Semiconductor to Mass Produce Micro ...,"This year at CES, Seoul Semiconductor finally revealed its Micro LED series 
products for the first time ever since the Korean LED maker announced that 
it ...",LEDinside,14 Jan 2020,semiconductor,1/1/2020,1/31/2020,GB
Lithium - What Lithium Is Used For - Lithium Uses,"The obstacle, for a long time, was to find a semiconductor that also 
contained lithium. ... “You can find good semiconductors, but they don't 
have lithium.",Popular Mechanics,16 Jan 2020,semiconductor,1/1/2020,1/31/2020,GB
Seoul Semiconductor and Seoul Viosys Showcase the World's ...,"Seoul Semiconductor and Seoul Viosys Showcase the World's First One Pixel 
Micro LED Enabling 4K Resolution TV from 42in to 220in at CES 2020 · Next 
generation ...",Business Wire,6 Jan 2020,semiconductor,1/1/2020,1/31/2020,GB
Encapsulation technology enables super-thin semiconductors,"In the race for ever smaller semiconductor structures, the chemical 
compounds indium selenide and gallium selenide are considered promising 
candidates.",eeNews Europe,30 Jan 2020,semiconductor,1/1/2020,1/31/2020,GB
Intel regains #1 rank in semiconductor industry in 2019: Gartner,"Semiconductor revenue fell 11.9 percent to $418.3 billion in 2019, 
according to preliminary results by Gartner. Top semiconductor suppliers in 
2019",InfotechLead,17 Jan 2020,semiconductor,1/1/2020,1/31/2020,GB
Semiconductor to maintain momentum on rising 5G...,"US-China trade war made Malaysia an ideal manufacturing location for both 
E&E and semiconductor sectors. by AZREEN HANI / pic by BLOOMBERG.",The Malaysian Reserve,13 Jan 2020,semiconductor,1/1/2020,1/31/2020,GB
Semiconductor Stocks Lead The Charge As Industry Cycle ...,"Muse forecast in a Jan. 13 report that semiconductor industry revenue will 
rise 11% in 2020. ""Semiconductors are a secular growth story, on the cusp 
of true ...",Investor's Business Daily,17 Jan 2020,semiconductor,1/1/2020,1/31/2020,GB
AI And Big Data Set To Reinvent Semiconductor Industry,"Regina Freed is managing director of patterning technology at Applied 
Materials. She has more than 20 years of experience in the semiconductor 
industry, ...",Semiconductor Engineering,23 Jan 2020,semiconductor,1/1/2020,1/31/2020,GB
What’s Responsible For The 25% Jump In Skyworks’ Stock In December?,"Skyworks Solutions (NASDAQ: SWKS) manufactures semiconductors for use in 
radio frequency and mobile communications systems, with a bulk of its sales 
made to ...",Forbes,3 Jan 2020,semiconductor,1/1/2020,1/31/2020,GB
Analogix Introduces Industry's Lowest Power UHD eDP TCON ...,"Analogix Semiconductor, Inc. designs and manufactures semiconductors for 
the digital multimedia market, from portable devices such as 
smartphones, ...",Business Wire,6 Jan 2020,semiconductor,1/1/2020,1/31/2020,GB
"Amid trade row with Japan, South Korea gains Dupont investment to make chip 
materials","The new investment will also go towards the production of CMP pads, which 
are polishing pads used during the semiconductor manufacturing process, the 
ministry ...",Reuters,8 Jan 2020,semiconductor,1/1/2020,1/31/2020,GB
Semiconductors again top list of S. Korea's export items in 2019,"Semiconductors continued to top the list of South Korea's largest export 
items last year, data showed Tuesday. Outbound shipments of semiconductors 
came to ...",The Korea Herald,28 Jan 2020,semiconductor,1/1/2020,1/31/2020,GB
A revival is under way in the chip business,"Semiconductors account for a fifth of South Korea's exports, which have 
fallen for 12 months in a ... Memory makes up about a third of 
semiconductor sales, ...",The Economist,9 Jan 2020,semiconductor,1/1/2020,1/31/2020,GB
Taiwan Semiconductor Is Tremendously Overbought Ahead Of Earnings,"Taiwan Semiconductor is set to report fourth quarter earnings results on 
Thursday morning. The stock has rallied sharply since last May's low and 
that rally ...",Seeking Alpha,14 Jan 2020,semiconductor,1/1/2020,1/31/2020,GB
5 Semiconductor Stocks to Buy for Big Gains In 2020,"With the two nations now cooperating on trade, the chip makers should she 
their stars shine. According to the Semiconductor Industry Association, 
computer chips ...",InvestorPlace,3 Jan 2020,semiconductor,1/1/2020,1/31/2020,GB
Chip market's boom-bust cycle takes an unusual turn,"When semiconductors drop off their unit-sales trend line bad things often 
... When the semiconductor market catches a cold, the memory makers often 
go ...",E&T Magazine,17 Jan 2020,semiconductor,1/1/2020,1/31/2020,GB
Semis stocks crashed 27% the last time the charts flashed this signal,"The SOXX semiconductor ETF, whose top holdings include Taiwan Semiconductor 
and Intel, has risen 4% this month and touched record highs for three 
sessions ...",CNBC,23 Jan 2020,semiconductor,1/1/2020,1/31/2020,GB
"Amid Intel (Nasdaq: INTC) layoff rumors, Nordic ...","Chris Hansen's company is thriving three years after hiring him to lead the 
Portland office. Ryan Flood. Nordic is a fabless semiconductor company, 
meaning it ...",The Business Journals,21 Jan 2020,semiconductor,1/1/2020,1/31/2020,GB
AMD’s stock rises to a record after Mizuho says it is time to buy again,"Shares of Advanced Micro Devices Inc. rallied to uncharted territory 
Thursday, after Mizuho analyst Vijay Rakesh said he's bullish on the 
semiconductor ...",MarketWatch,9 Jan 2020,semiconductor,1/1/2020,1/31/2020,GB
Seoul Semiconductor and Seoul Viosys Showcase Micro LED ...,"Seoul Semiconductor and Seoul Viosys announced that they are introducing 
the new concept display, 'Micro Clean LED' at CES 2020.",LEDinside,6 Jan 2020,semiconductor,1/1/2020,1/31/2020,GB
Chinese ambassador warns Dutch government against restricting ASML supplies,"AMSTERDAM (Reuters) - Trade relations between China and the Netherlands 
would be damaged if Dutch semiconductor equipment supplier ASML ASML.",Reuters,15 Jan 2020,semiconductor,1/1/2020,1/31/2020,GB
Semiconductor Automated Test Equipment (ATE) Market ...,"Semiconductor Automated Test Equipment (ATE) Market Analysis 2019-2020: 
Automotive Segment Provides the Highest Growth Potential for ATE Vendors.",PR Newswire,31 Jan 2020,semiconductor,1/1/2020,1/31/2020,GB
Samsung Produces World's First 3 nm Semiconductor Prototype,"By 2030, semiconductor manufacturing companies such as TSMC and Intel, who 
want to take the lead in the leadership of Samsung, continues to strive for 
this ...",Somag News,5 Jan 2020,semiconductor,1/1/2020,1/31/2020,GB
"ST Highlights Talent Development Efforts, Investments in SG","Singapore has one of the most diverse semiconductor industries in the Asia 
Pacific and has risen to become a key node in the global semiconductor ...",EE Times Asia,31 Jan 2020,semiconductor,1/1/2020,1/31/2020,GB
Why MKS Instruments Surged 70% in 2019,"The semiconductor-focused stock enjoyed a strong 2019, and according to 
industry forecasts, it could be set for another good year.",The Motley Fool,10 Jan 2020,semiconductor,1/1/2020,1/31/2020,GB
ASML: My Top Semiconductor Processing Equipment Company Pick,"ASML dominates the semiconductor lithography market with a 100% share in 
EUV and a 94.5% share in DUV Immersion. Customers of EUV represent the top 
5 capex ...",Seeking Alpha,27 Jan 2020,semiconductor,1/1/2020,1/31/2020,GB
SOS LAB teams with ON Semi on LiDAR,"SOS LAB and ON Semiconductor have signed an agreement to advance the 
development and commercialization of LiDAR technology for the automotive 
and smart ...",Fierce Electronics,10 Jan 2020,semiconductor,1/1/2020,1/31/2020,GB
Semiconductor Manufacturing Equipment Market Worth USD ...,"Semiconductor Manufacturing Equipment Market Worth USD 119.00 Billion by 
2026 at 8.0% CAGR; High Demand for Compact Products to Spur Growth: 
Fortune ...",PR Newswire,23 Jan 2020,semiconductor,1/1/2020,1/31/2020,GB
Global Semiconductor Capital Equipment Market 2019-2023 ...,"As per Technavio, the increased need for semiconductor memory devices will 
have a positive impact on the market and contribute to its growth 
significantly over ...",Business Wire,6 Jan 2020,semiconductor,1/1/2020,1/31/2020,GB
Are Chips the New Transports for Dow Theory Confirmation?,"Philadelphia Semiconductor Index ($SOX) with 50- and 200-day moving 
averages. If Dow were alive today, he'd probably focus on semiconductors. 
Microchips are ...",TradeStation,8 Jan 2020,semiconductor,1/1/2020,1/31/2020,GB
"ASML sees no impact from China trade war, good growth in 2020","VELDHOVEN, NETHERLANDS (Reuters) - Semiconductor equipment maker ASML 
Holding NV ASML.AS on Wednesday forecast double digit growth in sales and 
profits for ...",Reuters,22 Jan 2020,semiconductor,1/1/2020,1/31/2020,GB
On Semiconductor 'Significantly Undervalued': Analyst,"On Semiconductor may be a lesser-known chip maker, but the stock could be 
an incredibly strong performer over the next year, according to analysts 
at ...",TheStreet,10 Jan 2020,semiconductor,1/1/2020,1/31/2020,GB
Auto Parts Company Aptiv Partners With Automotive Chip ...,"New York-listed electric vehicle parts manufacturer Aptiv PLC has partnered 
with Israel-based automotive chip company Valens Semiconductor Ltd., ...",Calcalist Tech,9 Jan 2020,semiconductor,1/1/2020,1/31/2020,GB
Samsung Electronics Develops 3-nano Chip Manufacturing ...,"This achievement is expected to help the company attain its “Semiconductor 
Vision 2030,” a plan to become the No. 1 in system semiconductors as well 
as in ...",Business Korea,3 Jan 2020,semiconductor,1/1/2020,1/31/2020,GB
Analogix Introduces Times Square Reference Design RD1011 ...,"Analogix Semiconductor, Inc. designs and manufactures semiconductors for 
the digital multimedia market, from portable devices such as smartphones, 
notebooks, ...",Business Wire,6 Jan 2020,semiconductor,1/1/2020,1/31/2020,GB
Security Risks In The Supply Chain,"SE: The semiconductor supply chain is one of the most advanced in the 
world, but now we are dealing with increasingly complex geopolitical issues 
such as a ...",Semiconductor Engineering,9 Jan 2020,semiconductor,1/1/2020,1/31/2020,GB
Diodes says $428M acquisition of Lite-On Semiconductor will ...,"A Plano semiconductor provider plunking down more than $425 million for a 
Taiwanese company will have to wait longer after reported scrutiny of the 
deal in ...",The Business Journals,10 Jan 2020,semiconductor,1/1/2020,1/31/2020,GB
5 Semiconductor Dividend Stocks You Should Consider ...,"After a relatively soft performance in 2018, semiconductor companies 
delivered significantly better results in 2019 and might be poised to 
extend that ...",Dividend Investor,24 Jan 2020,semiconductor,1/1/2020,1/31/2020,GB
ROHM Group Company SiCrystal and STMicroelectronics ...,"ST is a global semiconductor leader delivering intelligent and 
energy-efficient products ... Founded in 1958, ROHM provides LSI and 
discrete semiconductors ...",GlobeNewswire,15 Jan 2020,semiconductor,1/1/2020,1/31/2020,GB
Previous Intel is the world's biggest chipmaker once again,"Intel's semiconductor revenue for 2019 topped out at over $65 billion USD 
with a 15.7 percent market share, making Intel the highest earning chip 
maker in ...",KitGuru,16 Jan 2020,semiconductor,1/1/2020,1/31/2020,GB
3D sensing platform for access control and smart video ...,"“ON Semiconductor's RGB-IR sensor technology enables single sensor 
solutions to provide both visible and IR images in security and vision IoT 
applications,” ...",Help Net Security,6 Jan 2020,semiconductor,1/1/2020,1/31/2020,GB
How AI chips will explode 3x by 2025 with startups like Hailo ...,"In recent years, the semiconductor industry has spawned the emergence of 
... The tabulation includes semiconductors in systems that run AI 
functions, ...",Fierce Electronics,28 Jan 2020,semiconductor,1/1/2020,1/31/2020,GB
Taiwan Semiconductor: My Top Semiconductor Pick For 2020,"Historically, semiconductor manufacturing was performed by companies that 
designed chips and then produced them. As the semiconductor industry 
evolved, ...",Seeking Alpha,10 Jan 2020,semiconductor,1/1/2020,1/31/2020,GB
Key Nintendo and Sony chip supplier sees robust recovery in ...,"""From the semiconductor industry's point of view, it will still take China 
some 20 years to train a pool of qualified engineering talent and to build 
up its own ...",Nikkei Asia,3 Jan 2020,semiconductor,1/1/2020,1/31/2020,GB
"After Growing 18% In 2 Years, Why Is Texas Instruments’ Revenue Expected To 
Drop 3% Over The Next 2 Years?","Texas Instruments' Analog Semiconductors division, which sells analog ... 
This segment includes revenue from TI's smaller semiconductor product lines 
and ...",Forbes,6 Jan 2020,semiconductor,1/1/2020,1/31/2020,GB
Toray Achieves World's 1st UHF Wireless Communication ...,"announced that it became the first in the world to communicate wirelessly 
across the UHF (ultrahigh frequency) band with a printed semiconductor. 
This setup ...",Printed Electronics Now,21 Jan 2020,semiconductor,1/1/2020,1/31/2020,GB
Lam Research Roars to New Heights on Improving WFE Industry Conditions,"Semiconductor equipment with a round wafer. Image source: Getty Images. ""An 
improving wafer fabrication equipment environment..."" Adjusted for one-time 
items ...",The Motley Fool,31 Jan 2020,semiconductor,1/1/2020,1/31/2020,GB
​The Rise in Semiconductor Content Per Vehicle Is a Win for ...,"Automotive semiconductors are a competitive marketplace with companies like 
STMicroelectronics, NXP Semiconductor and Infineon Technologies, but one of 
the most ...",Equities.com,7 Jan 2020,semiconductor,1/1/2020,1/31/2020,GB
Versatile in use -- FBH semiconductor light sources,"Versatile in use -- FBH semiconductor light sources · High-power diode 
laser stacks for high duty cycle operation · Next generation LiDAR laser 
source for line ...",EurekAlert!,7 Jan 2020,semiconductor,1/1/2020,1/31/2020,GB
SiC Foundry Business Emerges - SemiEngineering,"SiC, a compound semiconductor material based on silicon and carbon, is used 
to make specialized power semiconductor devices for high-voltage 
applications ...",Semiconductor Engineering,23 Jan 2020,semiconductor,1/1/2020,1/31/2020,GB
Samsung is testing out the first 3 nm GAAFET semiconductor ...,"Samsung is testing out the first 3 nm GAAFET semiconductor prototypes ... 
Samsung and TSMC are almost on equal footing when it comes to 5 nm 
production nodes, yet ...",NotebookCheck.net,6 Jan 2020,semiconductor,1/1/2020,1/31/2020,GB
A bright future for Moore’s Law,"Presented by Intel. Moore's Law has been the guiding principle for the 
semiconductor industry for more than fifty years. For thirty of those 
years, ...",VentureBeat,7 Jan 2020,semiconductor,1/1/2020,1/31/2020,GB
"Two-Thirds of Semiconductor Companies Plan to Pass Tariff Costs on to 
Customers: Survey","Two-thirds of semiconductor manufacturers globally say they are likely to 
raise prices to pass along the added cost of tariffs to customers, 
according to a ...",TheStreet,16 Jan 2020,semiconductor,1/1/2020,1/31/2020,GB
"Precise Growth of Semiconductor Foundry Market Impact of Existing and 
Emerging Flexible Trends and Top Key Pla","Top Leading Key in Players Global Semiconductor Foundry Market: TSMC, 
Globalfoundries, UMC, SMIC, Samsung, Dongbu HiTek, Fujitsu Semiconductor, 
Hua Hong ...",openPR.com,13 Jan 2020,semiconductor,1/1/2020,1/31/2020,GB
The potential future of S. Korea's semiconductor ecosystem,"While Samsung Electronics and SK Hynix were its chief clients as recently 
as 2008, the company began also supplying to overseas semiconductor 
companies last ...",The Hankyoreh,19 Jan 2020,semiconductor,1/1/2020,1/31/2020,GB
BYD's wholly-owned subsidiary sets up new semiconductor ...,"Shanghai (Gasgoo)- Chinese automaker BYD registered on Jan. 19 a 
semiconductor subsidiary in Changsha, capital of Hunan Province, via its 
wholly-owned ...",Gasgoo,21 Jan 2020,semiconductor,1/1/2020,1/31/2020,GB
Amkor Technology to Announce Fourth Quarter and Full Year ...,"(Nasdaq: AMKR), a leading provider of semiconductor packaging and test 
services, today announced that it will issue its financial results for the 
fourth quarter ...",Business Wire,15 Jan 2020,semiconductor,1/1/2020,1/31/2020,GB
5/3nm Wars Begin,"“Moore's Law is not really a law, but an observation that became a 
self-fulfilling prophecy to keep the semiconductor business moving forward.",Semiconductor Engineering,23 Jan 2020,semiconductor,1/1/2020,1/31/2020,GB
Japan's etching gas exports to South Korea bounce back,"Etching gas is critical to producing semiconductors, one of South Korea's 
most important industries. Japan began requiring case-by-case approval for 
exports ...",Nikkei Asia,31 Jan 2020,semiconductor,1/1/2020,1/31/2020,GB
STMicro CEO says a Huawei ban would not threaten $12 billion revenue target,"... industry move towards more sophisticated semiconductors within the 
telecoms, ... of the year is generally a weaker period in the semiconductor 
industry.",Reuters,23 Jan 2020,semiconductor,1/1/2020,1/31/2020,GB
University of Sheffield spins-out micro-LED company - News,"... in semiconductor materials and devices - the company is collaborating 
with global corporations on next generation micro-LED product developments.",Compound Semiconductor,31 Jan 2020,semiconductor,1/1/2020,1/31/2020,GB
DuPont to Invest in EUV Photoresist Production Facilities in South Korea,"During semiconductor manufacturing process, photolithography process that 
repeatedly prints the shape of a circuit on top of a circular wafer using 
light is a ...",Korea IT News,10 Jan 2020,semiconductor,1/1/2020,1/31/2020,GB
300 jobs secured at Greenock semiconductor plant as US ...,"Diodes Incorporated intends to beef up the Greenock semiconductor 
manufacturing plant it acquired from Texas Instruments last year under 
plans to make it a ...",The Herald,6 Jan 2020,semiconductor,1/1/2020,1/31/2020,GB
DuPont to explore divestiture of electronics unit: BBG,"The Electronics and Imaging unit, whose customers include semiconductor and 
LED makers, was the smallest of Dupont's core business by revenue at the 
end of ...",Reuters,16 Jan 2020,semiconductor,1/1/2020,1/31/2020,GB
Samsung’s market cap rises to world’s 18th,"The tech giant is expected to extend its winning streak on a widely 
optimistic forecast of its 2020 performance on the back of the recovering 
semiconductor ...",The Korea Herald,12 Jan 2020,semiconductor,1/1/2020,1/31/2020,GB
Yole forecasts big changes in Epitaxy market - News,"MOCVD services the majority of the III-V compound semiconductor epitaxy 
industry such as GaAs and GaN based devices. High-Temperature (HT) CVD 
serves the ...",Compound Semiconductor,23 Jan 2020,semiconductor,1/1/2020,1/31/2020,GB
Semiconductors Market in Vietnam 2020-2024 | 19% CAGR ...,"With the growing construction of smart homes, the demand for semiconductors 
will increase significantly over the forecast period. “Rising demand for 
autonomous ...",Business Wire,29 Jan 2020,semiconductor,1/1/2020,1/31/2020,GB
Sony cranking out image sensors round the clock to meet ...,"Semiconductors are now Sony's most profitable business after the 
PlayStation. ... Sony forecasts revenue from its semiconductor division 
will climb 18 ...",The Japan Times,2 Jan 2020,semiconductor,1/1/2020,1/31/2020,GB
Sanan Appoints Plextek RFI for 5G GaAs MMIC Design - News,"Compound Semiconductor would like to notify you of new and interesting 
articles! Don't Allow. Allow. This website requires JavaScript.",Compound Semiconductor,6 Jan 2020,semiconductor,1/1/2020,1/31/2020,GB
Samsung Prototypes First Ever 3nm GAAFET Semiconductor,"According to the report, Samsung's goal is to become the world's number one 
semiconductor manufacturer by 2030. Samsung's work on the 3nm process is 
based on ...",Tom's Hardware,3 Jan 2020,semiconductor,1/1/2020,1/31/2020,GB
Omni MedSci files a second Patent Infringement case against ...,"... MedSci filed another patent infringement case against Apple in Northern 
California concerning their patent 10,517,484 titled ""Semiconductor 
diodes-based ...",Patently Apple,25 Jan 2020,semiconductor,1/1/2020,1/31/2020,GB
"EDA, IP Growth Surge","China's semiconductor industry continues to grow internally, and it has 
since begun developing a separate supply chain to avoid similar supply 
issues in the ...",Semiconductor Engineering,7 Jan 2020,semiconductor,1/1/2020,1/31/2020,GB
"Globaltronic Precision: From semiconductors to aircraft, SME ...","Globaltronic Precision: From semiconductors to aircraft ... Founder and 
director Christopher Foo says Globaltronic has not stopped at aerospace in 
its quest for ...",The Business Times,28 Jan 2020,semiconductor,1/1/2020,1/31/2020,GB
Korean Company Begins Mass Production of High-purity ...,"Since Japan began to restrict exports of three key materials for 
semiconductor and display production -- high-purity hydrogen fluoride, 
fluorine polyimide ...",Business Korea,3 Jan 2020,semiconductor,1/1/2020,1/31/2020,GB
Semiconductor R&D to nudge higher through 2024,"While consolidation in the semiconductor industry contributed to lower 
growth rates in R&D spending in the past five years, the long-term trend 
has been for a ...",Evertiq,31 Jan 2020,semiconductor,1/1/2020,1/31/2020,GB
"Apple revives relationship with Imagination Technologies, the UK chip 
designer it ditched in 2017","The semiconductor company previously designed GPUs, which are graphics 
chips, for Apple's iPhones and iPads, but Apple decided to cut ties with 
the firm in ...",CNBC,2 Jan 2020,semiconductor,1/1/2020,1/31/2020,GB
"Forget trade deal, US-China tech war will define century, says new report","China imported more semiconductors than oil in 2018, with “China depending 
... However, given that the most advanced Chinese producers of 
semiconductor ...",South China Morning Post,17 Jan 2020,semiconductor,1/1/2020,1/31/2020,GB
Better Buy: NXP Semiconductors vs. Texas Instruments,"Investors with an interest in the semiconductor industry often find 
themselves weighing Texas Instruments (NASDAQ:TXN) against NXP 
Semiconductors ...",The Motley Fool,3 Jan 2020,semiconductor,1/1/2020,1/31/2020,GB
Cypress Reports Fourth Quarter and Year End 2019 Results,"BUSINESS WIRE)--Cypress Semiconductor Corporation (NASDAQ: CY) today 
announced its fourth quarter and fiscal year 2019 results with the 
following highlights ...",Business Wire,30 Jan 2020,semiconductor,1/1/2020,1/31/2020,GB
Epitaxy equipment market to grow from $940m to over $6bn ...,"From a technical point of view, metal-organic chemical vapor deposition 
(MOCVD) serves most of the III-V compound semiconductor epitaxy industry, 
such as ...",Semiconductor Today,24 Jan 2020,semiconductor,1/1/2020,1/31/2020,GB
Here's How KLA's Shares Doubled in 2019,"The semiconductor equipment formerly known as KLA-Tencor crushed Wall 
Street's ... The maker of testing tools used in the process of making 
semiconductors ...",The Motley Fool,13 Jan 2020,semiconductor,1/1/2020,1/31/2020,GB
SK Hynix operating profit falls 87% in 2019,"The semiconductor company also saw a revenue of 27 trillion won, a drop of 
33% from 2018. Margin rate also dropped to 10% from its record high of 52% 
last year.",ZDNet,31 Jan 2020,semiconductor,1/1/2020,1/31/2020,GB
Diodes semiconductor plant wins £13.7 funding boost,"Semiconductor manufacturer Diodes Incorporated has received £13.7 million 
in funding from Scottish Enterprise to help future growth at its plant in 
Greenock ...",Scottish Business Insider,6 Jan 2020,semiconductor,1/1/2020,1/31/2020,GB
3 “Strong Buy” Stocks for the 5G Revolution in 2020,"Investors in Tower Semiconductor stock can expect to see ""low double-digit"" 
organic growth in 2020, says Needham analyst Rajvindra Gill. And while that 
may not ...",Nasdaq,17 Jan 2020,semiconductor,1/1/2020,1/31/2020,GB
Samsung factory likely suffers millions in losses due to a blackout,"Absolutely nothing can be allowed to go wrong at a semiconductor 
manufacturing plant. The manufacturing process for these chips requires 
exceptional care ...",SamMobile,31 Jan 2020,semiconductor,1/1/2020,1/31/2020,GB
How Does Samsung Make Money?,"Semiconductor Revenues grew from about $38 billion in 2015 to $73 billion 
in 2018, driven by strong DRAM and NAND pricing, they are likely to decline 
to under ...",Forbes,2 Jan 2020,semiconductor,1/1/2020,1/31/2020,GB
Korea’s December industrial production picks up,"Indeed, the imputed semiconductor figures, although positive, were some of 
the more moderate growth figures in their list. Broad-based is good news 
too, ...",ING Think,30 Jan 2020,semiconductor,1/1/2020,1/31/2020,GB
Dialog Semiconductor reports preliminary Q4 revenue,"Dialog Semiconductor (OTCPK:DLGNF +3.9%) expects Q4 revenue of $381M (prior 
$350M - $390M) vs. a consensus of $373.13M. Cash and cash equivalents at 
$1.025B ...",Seeking Alpha,13 Jan 2020,semiconductor,1/1/2020,1/31/2020,GB
Kioxia takeout gets cool response,"Lenders see Kioxia as a riskier proposition given the sluggish performance 
of the semiconductor industry. Kioxia lifted sales and narrowed losses in 
the ...",Reuters,17 Jan 2020,semiconductor,1/1/2020,1/31/2020,GB
TSMC Hires Ex-Intel Lobbyist to Deal With U.S.-China Tensions,"Taiwan Semiconductor Manufacturing Co., a major chipmaker to Apple Inc. and 
Huawei Technologies Co., has recruited rival Intel Corp.'s former top 
lobbyist ...",Bloomberg.com,13 Jan 2020,semiconductor,1/1/2020,1/31/2020,GB
DARPA hopes to form quantum computing consortium,"Formed back in 1987 as a way to compete with Japanese technology giants, 
the Semiconductor Manufacturing Technology consortium was given $500m (over 
$1bn in ...",Data Center Dynamics,3 Jan 2020,semiconductor,1/1/2020,1/31/2020,GB
"iShares PHLX Semiconductor ETF Is Expensive, But Long-Term Growth Outlook 
Appears To Be Favorable","Semiconductor components are essential electronic components that consumers 
need in everyday lives. The industry is set to continue to grow at a fast 
pace, ...",Seeking Alpha,23 Jan 2020,semiconductor,1/1/2020,1/31/2020,GB
Samsung Makes the First 3nm GAAFET Semiconductor!,"According to the report, Samsung's goal is to become the world's number one 
semiconductor manufacturer by 2030. Samsung has succeeded in making a 
prototype of ...",Wccftech,4 Jan 2020,semiconductor,1/1/2020,1/31/2020,GB
"Galaxy Fold's bendable screen is still flawed. Is diamond glass the 
solution?","Akhan Semiconductor isn't the only company working toward a stronger 
material for foldable phones. Gorilla Glass-maker Corning showed CNET glass 
that's thin ...",CNET,22 Jan 2020,semiconductor,1/1/2020,1/31/2020,GB
EETimes - China Maintains Chip Output in Wake of Virus ...,"Semiconductor production, energy, chemical, steel and other basic sectors 
don't cease operations in the event of holidays or an epidemic.",EE Times,31 Jan 2020,semiconductor,1/1/2020,1/31/2020,GB
New Report: China's Memory Ambitions,"“China found that its semiconductor imports exceeded even its petroleum 
imports, motivating this cash-rich nation to seek self-sufficiency,” said 
Jim Handy, ...",Electronic Design,23 Jan 2020,semiconductor,1/1/2020,1/31/2020,GB
Silanna Semiconductor's Active Clamp Flyback Controllers ...,"Silanna Semiconductor's Active Clamp Flyback Controllers Combine Four ACF 
Subsystems · The SZ1101 (33W) and SZ1105 (65W) incorporate four key ACF 
subsystems to ...",All About Circuits,16 Jan 2020,semiconductor,1/1/2020,1/31/2020,GB
Intel recaptures title of world's largest semiconductor vendor by revenue,"In brief: Worldwide semiconductor revenue dipped significantly in 2019 due 
to the global downturn in the memory market. As a result, Intel was able to 
slide ...",TechSpot,16 Jan 2020,semiconductor,1/1/2020,1/31/2020,GB
2D and 3D combo could keep Moore's Law going,"“Thickness scaling of common semiconductor materials, such as Si, ... the 
2D semiconductors exhibit reasonably high mobilities and immunity against 
surface ...",GCN,6 Jan 2020,semiconductor,1/1/2020,1/31/2020,GB
Apple Boosts Chip Orders From Main Foundry Supplier TSMC,"Data source: Taiwan Semiconductor. Chart by author. Figures shown in New 
Taiwan dollars. The iPhone 11, which is more affordable and has fewer bells 
and ...",The Motley Fool,23 Jan 2020,semiconductor,1/1/2020,1/31/2020,GB
Chicken Droppings Can Make Graphene More Catalytic,"AerospaceArtificial IntelligenceBiomedicalComputingConsumer 
ElectronicsEnergyHistory of 
TechnologyRoboticsSemiconductorsSensorsTelecommunications ...",IEEE Spectrum,27 Jan 2020,semiconductor,1/1/2020,1/31/2020,GB
Why Samsung Plans To Double Down On The $170 Billion ...,"On the other hand, the logic chip and foundry space could enable the 
company to post more stable semiconductor revenues and profits. In this 
analysis, we take a ...",Trefis,17 Jan 2020,semiconductor,1/1/2020,1/31/2020,GB
Marvell Shows Off ‘The New Marvell’ At Its First Industry Analyst Event,"Few end customers allow semiconductor companies to say they are inside, but 
Marvell disclosed a few, big wins: · Samsung: the company has a 
longstanding and ...",Forbes,21 Jan 2020,semiconductor,1/1/2020,1/31/2020,GB
"Amtech exits solar, names new CEO","... its Tempress solar business, thus exiting the photovoltaic (PV) segment 
and putting a clear focus on the semiconductor and silicon carbide 
businesses.",Renewables Now,29 Jan 2020,semiconductor,1/1/2020,1/31/2020,GB
ST readies for SiC take-off - News,"Compound Semiconductor would like to notify you of new and interesting 
articles! Don't Allow. Allow.",Compound Semiconductor,14 Jan 2020,semiconductor,1/1/2020,1/31/2020,GB
The Great U.S.-China Tech Divide,"China is hastening to make semiconductors and consumer electronics without 
... Semiconductor manufacturers, in particular, have a lot to lose in the 
dust-up ...",Wall Street Journal,20 Jan 2020,semiconductor,1/1/2020,1/31/2020,GB
"Big Growth Areas: Connectivity, AI, Reliability","“Semiconductor and equipment vendors have been introducing a range of chips 
and equipment for WiFi 6,” says Jo Jones, technology communications manager 
for ...",Semiconductor Engineering,14 Jan 2020,semiconductor,1/1/2020,1/31/2020,GB
ASML is too convenient a target for the US – Bits&Chips,"ASML shouldn't be singled out as the only semiconductor company to be 
restricted. If the US wants to cut off China, at the very least, ban 
American ...",Bits-chips,9 Jan 2020,semiconductor,1/1/2020,1/31/2020,GB
Stable lithium could lead to new class of neutron detectors,"“People have imagined semiconductor neutron detectors for a long time,” ... 
“Or you can find stable lithium compounds that are not good semiconductors.",The Engineer,17 Jan 2020,semiconductor,1/1/2020,1/31/2020,GB
Advantest to Showcase Semiconductor Test Solutions for 5G ...,"Leading semiconductor test equipment supplier Advantest Corporation will 
feature its newest test solutions for advanced ICs at SEMICON Korea on 
February 5-7 ...",AiThority.com,17 Jun 2020,semiconductor,1/1/2020,1/31/2020,GB
Addressing Risk in the Era of US-China “Great Power ...,"According to a report by C4ADS, CSR Corporation's (now China Railway 
Rolling Stock Corporation, or CRRC) acquisition of UK-based Dynex 
Semiconductor facilitated ...",China Business Review,13 Jan 2020,semiconductor,1/1/2020,1/31/2020,GB
"Chip market declined 12% in 2019, says Gartner","Top 10 Semiconductor Vendors by Revenue, Worldwide, 2019 (Millions of U.S. 
Dollars). Source: Gartner. As a result Intel's semiconductor revenue 
declined 0.7 ...",eeNews Europe,16 Jan 2020,semiconductor,1/1/2020,1/31/2020,GB
Patterned sapphire silica substrate for ultraviolet light-emitting ...,"Semiconductor Today Logo ... Mike Cooke is a freelance technology 
journalist who has worked in the semiconductor and advanced technology 
sectors since 1997.",Semiconductor Today,30 Jan 2020,semiconductor,1/1/2020,1/31/2020,GB
Chip Market Rebounds in 2020 as Economic Woes Linger,"The global semiconductor market is expected to rebound this year by as much 
as 7.9 percent, but the ghosts of 2019 haven't vanished.",EPS NEWS,29 Jan 2020,semiconductor,1/1/2020,1/31/2020,GB
CyberOptics Introduces New In-Line Particle Sensor™ (IPS ...,"Process and equipment engineers in semiconductor fabs can speed equipment 
qualification with real-time, 24-7 monitoring, compare past and present 
data, as well ...",Business Wire,30 Jan 2020,semiconductor,1/1/2020,1/31/2020,GB
Micron Stock Is Jumping After an Upgrade Tied to 5G Phone Memory Demand,"The chip maker is a leader in the DRAM and NAND semiconductor markets. 
DRAM, or dynamic random-access memory, is used in desktop computers, mobile 
phones ...",Barron's,7 Jan 2020,semiconductor,1/1/2020,1/31/2020,GB
Top 3 ETFs For Investing In Asia,"Taiwan Semiconductor Manufacturing; Public Bank. Next is the iShares MSCI 
All Country Asia ex Japan ETF (AAXJ). This is an Asia focused ETF providing 
exposure ...",Nasdaq,24 Jan 2020,semiconductor,1/1/2020,1/31/2020,GB
Is Himax Technologies Stock a Buy?,"Himax Technologies (NASDAQ:HIMX) is a fabless semiconductor solutions 
provider. The company is a worldwide market leader in display driver ICs 
(integrated ...",The Motley Fool,6 Jan 2020,semiconductor,1/1/2020,1/31/2020,GB
Want to invest in electric vehicles? Start with their parts,"When it comes to EV investing, there are pure plays like electric-vehicle 
maker Tesla (TSLA). But there are also opportunities to invest in 
semiconductor makers ...",USA Today,6 Jan 2020,semiconductor,1/1/2020,1/31/2020,GB
Schilling Engineering reveals contract win with Plansee,"Components for semiconductor production are manufactured in the 400 sqm 
CleanCell4.0 of ISO Class 6. A new 400 sqm ISO Class 6 cleanroom has 
started ...",Cleanroom Technology,15 Jan 2020,semiconductor,1/1/2020,1/31/2020,GB
AI Chip Market Is Booming,"AI processors are reinvigorating the global semiconductor industry, 
prompting at least one market tracker to predict a three-fold increase in 
AI chip ...",HPCwire,31 Jan 2020,semiconductor,1/1/2020,1/31/2020,GB
"After Dropping In 2019, Can Texas Instruments’ Revenue Cross $15 Billion By 
2021?","Texas Instruments' Analog Semiconductors division, which sells analog ... 
This segment includes revenue from TI's smaller semiconductor product lines 
and ...",Forbes,28 Jan 2020,semiconductor,1/1/2020,1/31/2020,GB
Entegris acquires CMP slurry firm Sinmat - News,"The leading global compound semiconductor conference and exhibition will 
once again bring together key players from across the value chain for 
two-days of ...",Compound Semiconductor,14 Jan 2020,semiconductor,1/1/2020,1/31/2020,GB
Imec shows Scalable III-V and III-N Devices on Silicon - News,"Compound Semiconductor would like to notify you of new and interesting 
articles! Don't Allow. Allow. This website requires JavaScript.",Compound Semiconductor,10 Jan 2020,semiconductor,1/1/2020,1/31/2020,GB
Synthetic Biology Market is Expected to Reach $19.58 Billion ...,"Semiconductor sequencing is a type of next generation sequencing that 
enables reading DNA sequences electronically. For example, in 2014, DNA 
Electronics Ltd ( ...",PR Newswire,3 Jan 2020,semiconductor,1/1/2020,1/31/2020,GB
Top Tech Trends To Watch In 2020,"Two new semiconductor technologies are driving change in the electric 
vehicle battery market. Historically, EV batteries have been costly, large 
and ...",Forbes,23 Jan 2020,semiconductor,1/1/2020,1/31/2020,GB
Nitride Semi Wins Patent Lawsuit against RayVio - News,"Nitride Semiconductor, a Japanese UV-LED firm, has won a patent 
infringement lawsuit against RayVio Corporation, a California UV-LED 
company.",Compound Semiconductor,27 Jan 2020,semiconductor,1/1/2020,1/31/2020,GB
"Singapore beat expectations, attracted $15.2b of investments ...","This was driven by large manufacturing investments from semiconductor as 
well as energy and chemical companies, the Economic Development Board (EDB) 
shared ...",The Straits Times,16 Jan 2020,semiconductor,1/1/2020,1/31/2020,GB
Silicon Mobility Names Rainer Kallenbach as CEO,"... utilizing its OLEA Field Programmable Control Unit semiconductors, ... 
an automotive semiconductor control solution with the potential of 
extending up ...",Business Wire,14 Jan 2020,semiconductor,1/1/2020,1/31/2020,GB
"The next iPhone will have an advanced camera that can scan 3-D objects, 
Barclays says","Barclays semiconductor analysts said on Thursday that Apple's new iPhones 
will have a new FaceID sensor, which is used for facial recognition.",CNBC,16 Jan 2020,semiconductor,1/1/2020,1/31/2020,GB
Intel delivers a strong Q4 in spite of challenges,"The semiconductor giant continues to face production challenges and renewed 
competition, but it fared better than expected in 2019 and foresees a 
strong ...",ZDNet,23 Jan 2020,semiconductor,1/1/2020,1/31/2020,GB
Making 3D Structures And Packages More Reliable,"“Non-contact and non-destructive optical imaging always has been very 
important for inspection of semiconductor processes. However, with many 
advanced ...",Semiconductor Engineering,14 Jan 2020,semiconductor,1/1/2020,1/31/2020,GB
Samsung Electronics Announces Fourth Quarter and FY 2019 ...,"The Semiconductor businesses posted KRW 16.79 trillion in consolidated 
revenue and KRW 3.45 trillion in operating profit in the fourth quarter. 
The Memory ...",Samsung Newsroom,30 Jan 2020,semiconductor,1/1/2020,1/31/2020,GB
TSMC Posts Record 2019 on Bigger Demand for Chips,"Taiwan Semiconductor Manufacturing Company (TSMC) (NYSE:TSM 115.7 -0.25%) 
reported a 15% increase in monthly revenues between November and December 
2019 and ...",Wccftech,11 Jan 2020,semiconductor,1/1/2020,1/31/2020,GB
Report: Global IoT chip market likely to grow to $38.61 billion ...,"Gartner's report from July had already predicted a worldwide decline in 
semiconductor revenue in 2019 – albeit the forecast figure was at 9.6% from 
2018.",IoT Tech News,16 Jan 2020,semiconductor,1/1/2020,1/31/2020,GB
Low-Power FD-SOI FPGA Melds AI and Bridging,"Need to go beyond just bridging between devices? Lattice Semiconductor's 
CrossLink-NX could very well be the solution.",Electronic Design,8 Jan 2020,semiconductor,1/1/2020,1/31/2020,GB
Broadcom Wins Contracts to Supply Wireless Components to ...,"Semiconductor analyst Harlan Sur estimated that Apple would buy about $10 
worth of Broadcom parts per iPhone in 2018. Broadcom sells Bluetooth and 
WiFi chips ...",Electronic Design,25 Jan 2020,semiconductor,1/1/2020,1/31/2020,GB
Election Security At The Chip Level,"The obvious comparison for voting machines would be ATM machines, but not 
necessarily, argue a number of experts interviewed by Semiconductor 
Engineering.",Semiconductor Engineering,2 Jan 2020,semiconductor,1/1/2020,1/31/2020,GB
RoboSense announces world's first test of vehicle equipped ...,"Wade Appelman, Vice President of ISG, SensL Division, ON Semiconductor, 
said, “The combo of RoboSense LiDAR with the ON Semiconductor RD Series 
SiPM family ...",Geospatial World,8 Jan 2020,semiconductor,1/1/2020,1/31/2020,GB
"Moore's Law, Supply Chains And Security","All across the semiconductor industry, significant changes are underway. 
... in crucial technology, not only in semiconductors, but also in EDA 
software.",Semiconductor Engineering,16 Jan 2020,semiconductor,1/1/2020,1/31/2020,GB
Samsung Pioneers 5G-Based Mobility with Launch of Digital ...,"... semiconductors and displays with HARMAN's automotive expertise. ... a 
semiconductor for vehicle electronics, and Android 10, which allow for 
several ...",Samsung Newsroom,11 Jan 2020,semiconductor,1/1/2020,1/31/2020,GB
Worst is over for KESM — CEO,"Commenting on prospects for the automotive semiconductor industry, he said 
much depends on how fast the growth of change, in particular the 5G 
network, ...",The Edge Markets,9 Jan 2020,semiconductor,1/1/2020,1/31/2020,GB
Samsung Electronics now No. 2 in chip sales,"1 semiconductor maker, with Intel taking the lead in 2019. The change in 
the rankings is largely due to the downturn in the memory market.",Korea JoongAng Daily,15 Jan 2020,semiconductor,1/1/2020,1/31/2020,GB
Inside Samsung's Silicon Valley Office - Samsung US ...,"Media Contact. Strategy & Innovation Center and Samsung Catalyst Fund. 
ssic.communications@ssi.samsung.com. Semiconductors, Display Panels and LED 
Solutions.",Samsung Newsroom,21 Jan 2020,semiconductor,1/1/2020,1/31/2020,GB
Renesas' Power Management IC Adopted in Google Coral AI ...,"Renesas Electronics Corporation, a premier supplier of advanced 
semiconductor solutions, announced its ISL91301B Power Management IC (PMIC) 
is designed into ...",EE Times Asia,13 Jan 2020,semiconductor,1/1/2020,1/31/2020,GB
Kneron raises $40 million to grow edge AI chip design operations,"The funding will be used to grow algorithms made specifically for on-device 
machine learning and semiconductor design operations. Kneron released the 
KL520, ...",VentureBeat,23 Jan 2020,semiconductor,1/1/2020,1/31/2020,GB
324 % Kursanstieg in 7 Jahren - Ist Taiwan Semiconductor ...,"Taiwan Semiconductor Manufacturing (TSMC) stellt Computerchips her. Der 
Technologiekonzern aus Taiwan ist profitabel und wächst stetig.",Ecoreporter,22 Jan 2020,semiconductor,1/1/2020,1/31/2020,GB
Nano-silicon samurai: Surface engineered sponges to clean ...,"In addition to being an important element in living organisms, silicon is 
by far the most widely used of all semiconductor materials.",Advanced Science News,10 Jan 2020,semiconductor,1/1/2020,1/31/2020,GB
Qorvo and Skyworks could be eyeing Broadcom's RF chip ...,"Bloomberg reports that semiconductor companies Qorvo Inc. and Skyworks 
Solutions Inc. are looking into bids for San Jose-based Broadcom's RF 
wireless chip ...",The Business Journals,24 Jan 2020,semiconductor,1/1/2020,1/31/2020,GB
Sector Of The Decade: Riding the tech bull and not falling off,"Closer to home, semiconductor and semiconductor-related companies listed on 
Bursa Malaysia have ridden the tech wave in the last 10 years. This is 
evident from ...",The Edge Markets,8 Jan 2020,semiconductor,1/1/2020,1/31/2020,GB
Samsung retains CEOs in annual reshuffle,"Three of Samsung's CEOs -- Kim Ki-nam, vice chairman and CEO of its 
semiconductor business; HS Kim, CEO of its consumer electronics business; 
and DJ Koh, ...",ZDNet,20 Jan 2020,semiconductor,1/1/2020,1/31/2020,GB
The Houston Astros cheating scandal shows how tech is upending baseball,"The semiconductor industry has an upbeat outlook for 2020, even after 
revenue shrunk last year, according to a KPMG survey of executives in the 
industry.",Fortune,16 Jan 2020,semiconductor,1/1/2020,1/31/2020,GB
GaN-on-silicon IP landscape is changing - News,"These included ON Semiconductor, Dialog, Navitas, VisIC. ... electronics 
applications,”says Remi Comyn, Compound Semiconductors and Electronics at 
KnowMade.",Compound Semiconductor,27 Jan 2020,semiconductor,1/1/2020,1/31/2020,GB
"How Important Is Cost Of Sales To Micron’s Expenses And Overall 
Profitability?","Research & Development (R&D) Expenses increased from $1.82 billion in 2017 
to about $2.44 billion in 2019 due to continuous spending on advanced 
semiconductor ...",Forbes,7 Jan 2020,semiconductor,1/1/2020,1/31/2020,GB
"Dow jumps 300 points to start 2020, continuing last year's big rally","Semiconductor stocks are coming off a strong performance in 2019. The 
VanEck Vectors Semiconductor ETF (SMH) surged 62% in 2019, its best 
one-year ...",CNBC,2 Jan 2020,semiconductor,1/1/2020,1/31/2020,GB
Assuring Taiwan's Innovation Future,"All semiconductor firms at the time were vertically integrated, with both 
chip design and manufacturing conducted in-house. The foundry model proved 
to be a ...",Carnegie Endowment for International Peace,29 Jan 2020,semiconductor,1/1/2020,1/31/2020,GB
Inside Samsung's 5G Factory for AT&T,"""Semiconductor facilities are inherently complex and automated,"" said Derek 
Johnston, head of marketing at Samsung Networks. He described the 
company's ...",Light Reading,30 Jan 2020,semiconductor,1/1/2020,1/31/2020,GB
'Green methane' from artificial photosynthesis could recycle CO2,"An electron microscope image shows the semiconductor nanowires. These 
deliver electrons to metal nanoparticles, which turn carbon dioxide and 
water into ...",University of Michigan News,10 Jan 2020,semiconductor,1/1/2020,1/31/2020,GB
China is slowly moving up the microprocessing value chain,"Selling equipment to industry giants like Applied Materials in America 
makes it a small success for the semiconductor supply chain. Much of the 
rest of the ...",The Economist,2 Jan 2020,semiconductor,1/1/2020,1/31/2020,GB
Is This The Year Of The Chiplet?,"Why this approach will have deep and lasting effects for the entire 
semiconductor industry. January 23rd, 2020 - By: Ed Sperling. popularity. 
Customizing chips ...",Semiconductor Engineering,23 Jan 2020,semiconductor,1/1/2020,1/31/2020,GB
Parsing the Economic Damage From the Japan-South Korea ...,"South Korea's inability to acquire key chemicals vital for the production 
of semiconductors would not only damage the country's semiconductor 
industry, but also ...",The Diplomat,24 Jan 2020,semiconductor,1/1/2020,1/31/2020,GB
Japan logs trade deficit for second year amid weak demand ...,"Overall shipments of semiconductor-making equipment rose 25.8 percent, much 
better than the average double-digit declines of April-September.",The Japan Times,23 Jan 2020,semiconductor,1/1/2020,1/31/2020,GB
Qualcomm announces chips for self-driving cars that could be in cars by 2023,"... still pursuing the market after its bid to buy NXP Semiconductors, a 
leading car chip maker, fell through in 2018 because of regulatory 
difficulties.",CNBC,6 Jan 2020,semiconductor,1/1/2020,1/31/2020,GB
Apple lawsuit tests if an employee can plan rival startup while on payroll,"That stance allowed for the “traitorous eight” who left their jobs at 
Shockley Semiconductor Laboratory for a rival in the late 1950s and who 
eventually ...",Reuters,21 Jan 2020,semiconductor,1/1/2020,1/31/2020,GB
Vision 2020: Cleanroom experts reveal expectations for the ...,"In Korea, for example, SK Hynix is building four new semiconductor 
fabrication plants at a technology cluster in Seoul. Construction work on 
the 53,000 sqm ...",Cleanroom Technology,10 Jan 2020,semiconductor,1/1/2020,1/31/2020,GB
Atomically Precise Manufacturing Nanotech Meets The Semi ...,"Image a reality where molecular robots manufacture precise atomic 
structures to help cure cancer and change the course of semiconductor 
fabrication.",designnews.com,28 Jan 2020,semiconductor,1/1/2020,1/31/2020,GB
"Understanding OLED, QLED, Mini-LED, MicroLED — Don't be ...","LED originate from an electronic semiconductor component that emits light 
when current is passed through it. This works on the principles of ...",Medium,19 Jan 2020,semiconductor,1/1/2020,1/31/2020,GB
LayTec's EpiTT FaceT chosen by high-power laser maker for ...,"Disclaimer: Material published within Semiconductor Today and related media 
does not necessarily reflect the views of the publisher or staff. Juno 
Publishing ...",Semiconductor Today,17 Jan 2020,semiconductor,1/1/2020,1/31/2020,GB
"Bosch, Lightspeed China lead $173m funding in 3D-sensor ...","ON Semiconductor, Qiming Venture Partners, Detong Capital and Axiom Asia 
Private Capital also participated in the funding round. Hesai claims the 
Series C ...",DealStreetAsia,8 Jan 2020,semiconductor,1/1/2020,1/31/2020,GB
"New Technique to Quickly and Sensitively Characterize Defects in 2D 
Materials","The semiconductor industry exhibits interest in employing 2D materials to 
further decrease the size of electronic devices and to reduce energy 
consumption.",Azonano,28 Jan 2020,semiconductor,1/1/2020,1/31/2020,GB
ST's First LoRa SoC for Connecting Smart Devices,"... smart industry and smart living, STMicroelectronics (NYSE: STM), a 
global semiconductor leader serving customers across the spectrum of 
electronics ...",EE Times Asia,15 Jan 2020,semiconductor,1/1/2020,1/31/2020,GB
Apple A14 Chip for 2020 iPhone Models Set to Go in Production in Q2: Report,"Apple chipmaker Taiwan Semiconductor Manufacturing Company (TSMC) has 
secured orders for the ""A14"" processors and it is expected to start 
manufacturing the ...",NDTV Gadgets 360,3 Jan 2020,semiconductor,1/1/2020,1/31/2020,GB
Explained: Gallium Nitride (GaN) And How It's On Its Way To Replace Silicon,"For starters, gallium nitride is a chemical compound that has semiconductor 
properties. If you know a thing or two about tech, you must've heard 
about ...",Mashable India,9 Jan 2020,semiconductor,1/1/2020,1/31/2020,GB
Omni Design Joins TSMC IP Alliance Program,"Omni Design, founded in 2015 by semiconductor industry veterans, has an 
excellent track record of innovation and collaborating with customers to 
enable ...",Business Wire,7 Jan 2020,semiconductor,1/1/2020,1/31/2020,GB
Accelerating AI And ML Applications With PCIe 5,"Rethinking how to improve performance and lower power in semiconductors. 
... Mark D LaPedus on Brazil Paves New Semiconductor Path; Mike Bartley on 
Brazil ...",Semiconductor Engineering,16 Jan 2020,semiconductor,1/1/2020,1/31/2020,GB
"Microsoft CEO Satya Nadella Says US-China Spat May Hurt Global Growth, 
Comments on India's Immigration St...","33,45,272 crores) semiconductor industry as an example of a sector that is 
already globally interconnected, Satya Nadella said the two countries will 
have to ...",NDTV Gadgets 360,22 Jan 2020,semiconductor,1/1/2020,1/31/2020,GB
Building a Quantum Computer From Off-the-Shelf Parts,"“It's ironic after 50 years or so of trying to clean up semiconductors to 
... use them to make a trapped atom in a semiconductor,” says David 
Awschalom, ...",IEEE Spectrum,8 Jan 2020,semiconductor,1/1/2020,1/31/2020,GB
Flexibility Is Key to Direct Imaging Success,"Hogan: Traditional semiconductor fabrication deploys steppers that 
reproduce ... to microelectronics and semiconductors, and the same is true 
the other way.",I-Connect007,28 Jan 2020,semiconductor,1/1/2020,1/31/2020,GB
US officials 'pressed' Dutch government over ASML sales to ...,"State-of-the-art semiconductor manufacturing equipment destined for China 
is yet to be shipped, after US government officials pressed their Dutch ...",Optics.org,7 Jan 2020,semiconductor,1/1/2020,1/31/2020,GB
"TSMC to disclose its 3nm process details in April: key battle with Samsung 
begins","Samsung plans to invest $116 billion to build a semiconductor ecosystem by 
2030. Since it is behind TSMC at 7nm and 5nm nodes, Samsung bets on the 3nm 
node and ...",Gizchina.com,20 Jan 2020,semiconductor,1/1/2020,1/31/2020,GB
Samsung Acquires Network Services Provider TeleWorld ...,"Samsung has demonstrated the power of 5G with end-to-end solutions from 
semiconductor, mobile phone and network infrastructure through U.S. 
initiatives such ...",Samsung Newsroom,13 Jan 2020,semiconductor,1/1/2020,1/31/2020,GB
A new facet for germanium,"Although silicon is the workhorse of the semiconductor industry, forming 
the basis for computer chips, camera sensors, and other everyday electronic 
devices ...",MIT News,31 Jan 2020,semiconductor,1/1/2020,1/31/2020,GB
3 Chip ETFs To Buy On Intel's Stellar Forecast,"The Direxion Daily Semiconductor Bull 3X Shares SOXL, +2.02% is a favorite 
of active traders looking to capitalize on short-term moves in 
semiconductor stocks.",MarketWatch,24 Jan 2020,semiconductor,1/1/2020,1/31/2020,GB
AMD claims new laptop chips outperform Intel,"Chip stocks have done well ahead of the widespread launch of fast 5G 
networks. The PHLX semiconductor index rose 60% in 2019, outperforming the 
S&P 500, while ...",CNBC,6 Jan 2020,semiconductor,1/1/2020,1/31/2020,GB
New LED from Osram enables ultra-slim designs for headlights,"Osram Opto Semiconductors was able to draw on its many years of expertise 
in ... Primarily focused on semiconductor -based technologies, our products 
are ...",LEDs Magazine,21 Jan 2020,semiconductor,1/1/2020,1/31/2020,GB
SK Hynix Promoting Power Plant Construction Near Chip ...,"SK Hynix is promoting the construction of power plants near its 
semiconductor factories as power outages are repeated at semiconductor 
plants every year.",Business Korea,6 Jan 2020,semiconductor,1/1/2020,1/31/2020,GB
Chinese team shows extraordinary rad-hardness of SiC - News,"Currently, most semiconductor radiation detectors are based on high quality 
silicon. However, due to its low displacement threshold energy and 
medium ...",Compound Semiconductor,13 Jan 2020,semiconductor,1/1/2020,1/31/2020,GB
New automotive ICE age is coming with AVs,"This shift places semiconductors — the building blocks of a car's internal 
... This shift is forcing an intensifying convergence of the semiconductor 
and ...",Automotive News,20 Jan 2020,semiconductor,1/1/2020,1/31/2020,GB
Laser Systems & Components Industry Outlook: Prospects Sunny,"The key end-markets are semiconductor, metrology, advanced communication 
and medical devices. Here are the three major themes in the industry: The 
industry is ...",Yahoo Finance,7 Jan 2020,semiconductor,1/1/2020,1/31/2020,GB
NextNext post:WPG Buys 17% Stake in Rival Distributor WT ...,"Data from market researcher Gartner Inc., the World Semiconductor Trade 
Statistics and the Industrial Technology Research Institute showed that WPG 
and WT ...",EPS News,21 Jan 2020,semiconductor,1/1/2020,1/31/2020,GB
Apple reportedly taps Taiwan's ASE for mmWave 5G iPhone ...,"Component manufacturer Advanced Semiconductor Engineering (ASE) is reported 
to have become one of Apple's suppliers for the antennas needed on the 
mmWave 5G ...",AppleInsider,15 Jan 2020,semiconductor,1/1/2020,1/31/2020,GB
These U.S. stocks are down the most as the coronavirus spreads,"Travel-related, energy and semiconductor shares are hit the hardest. Riot 
police wear protective masks and stand guard in the Mong Kok district of 
Hong Kong on ...",MarketWatch,27 Jan 2020,semiconductor,1/1/2020,1/31/2020,GB
Studee.com is set to promote sustainable international ...,"semiconductor chip · The global shortage of semiconductor chips and what 
this means for schools. by Nick Rawkins. Across industries, across 
countries, ...",Education Technology,17 Jan 2020,semiconductor,1/1/2020,1/31/2020,GB
Industry Responds Favorably to New Trade Deals,"Canada and Mexico are strong U.S. trading partners in semiconductors and 
are critical players in the semiconductor supply chain. The U.S. has 
solid ...",EPS News,17 Jan 2020,semiconductor,1/1/2020,1/31/2020,GB
Global Silicon on Insulator (SOI) Market 2019-2023 | Ongoing ...,"SOI devices also help in achieving a high transistor gain because of its 
shorter gate length compared with bulk planar metal-oxide semiconductor ...",Business Wire,16 Jan 2020,semiconductor,1/1/2020,1/31/2020,GB
Why Teradyne Stock Jumped 10.8% This Morning,"The maker of automatic testing tools used by manufacturers of 
semiconductors, circuit boards, and wireless networking modules crushed 
Wall Street's ...",The Motley Fool,23 Jan 2020,semiconductor,1/1/2020,1/31/2020,GB
Samsung and TSMC Racing to Become First to Start Volume ...,"The narrower semiconductor circuit lines are, the less power semiconductors 
consume and the better they perform. Compared to 5-nm products, 3-nm 
semiconductors ...",Business Korea,23 Jan 2020,semiconductor,1/1/2020,1/31/2020,GB
"Extreme greed in the stock market is producing a bad setup as earnings 
season starts","However, semiconductor stocks have had one of the best runs in the hopes of 
a great 2020. Unfortunately, the leading economic indicators do not support 
the ...",MarketWatch,18 Jan 2020,semiconductor,1/1/2020,1/31/2020,GB
Samsung Electronics' Memory Complex Halted due to a ...,"Earlier in March last year, a power outage occurred at Samsung Electronics 
semiconductor plant in Pyeongtaek, causing 50 billion won (US$43 million) 
worth of ...",Business Korea,2 Jan 2020,semiconductor,1/1/2020,1/31/2020,GB
China Only Region to Register Pure-Play Foundry Market ...,"Among the semiconductor industry data included in the new 400+ page report 
is an in-depth analysis of the IC foundry market and its suppliers.",Design And Reuse,9 Jan 2020,semiconductor,1/1/2020,1/31/2020,GB
"Kasey Ma, Bryan Kang","His father was a director at Integrated Memory Logic, a manufacturer of 
semiconductor devices in San Jose. The couple met in 2014 through the 
dating app ...",The New York Times,19 Jan 2020,semiconductor,1/1/2020,1/31/2020,GB
Samsung Begins 2020 By Winning Three Awards for ...,"Semiconductor · Emerging Technology · See All Product News. Corporate. 
Communities · Workforce · Sustainability · Education · Economic Impact.",Samsung Newsroom,8 Jan 2020,semiconductor,1/1/2020,1/31/2020,GB
[Monitor] Asset values of Samsung Electronics’ shareholders soar,"Samsung Electronics' share price has skyrocketed on the back of a rosy 
outlook for this year's semiconductor business and revitalized smartphone 
market, ...",The Korea Herald,13 Jan 2020,semiconductor,1/1/2020,1/31/2020,GB
"With the state's help, Chinese technology is booming","In 2015 its leaders announced a ten-year, $300bn plan, “Made in China 
2025”, designed to make its semiconductor, electric-vehicle and ...",The Economist,2 Jan 2020,semiconductor,1/1/2020,1/31/2020,GB
"With its Osram acquisition complete, ams now mulls how to ...","OSRAM Opto Semiconductors. Sep 16th, 2019. Backlight units (BLUs) & 
components for LCDs · OSRAM Opto Semiconductors GmbH. Aug 26th, 2018.",LEDs Magazine,3 Jan 2020,semiconductor,1/1/2020,1/31/2020,GB
Highlights of the day: TSMC 7nm lead time remains extended,"SMIC scaling up 14nm chip output: Semiconductor Manufacturing International 
(SMIC) has kicked off volume production of chips built using 14nm FinFET 
process ...",DigiTimes,16 Jan 2020,semiconductor,1/1/2020,1/31/2020,GB
8 Predictions For Tech Stocks In 2020,"5G semiconductors can sell 50% more-dollar chip content per device versus 
the ... Less than fifty percent of semiconductor companies will return to 
growth ...",Forbes,16 Jan 2020,semiconductor,1/1/2020,1/31/2020,GB
"S&P 500's most volatile stocks could be worth a look – traders pick two 
favorites","AMD has led the semiconductor space and broader markets in the past year. 
The stock has risen 147% in the past 12 months, while the SMH semiconductor 
ETF is ...",CNBC,9 Jan 2020,semiconductor,1/1/2020,1/31/2020,GB
Caltech Wins $1.1 Billion Patent Verdict Against Apple ...,"... centers around wireless technology in Broadcom semiconductor components 
used in a variety of Apple devices, including the iPhone, iPad, Apple 
Watches ...",Los Angeles Business Journal,30 Jan 2020,semiconductor,1/1/2020,1/31/2020,GB
NXP launches new chip with '10 times more processing power ...,"NXP Semiconductors has launched a new processor with “10 times more 
processing power” to support autonomous driving functions.",Robotics & Automation News,15 Jan 2020,semiconductor,1/1/2020,1/31/2020,GB
"Tech Companies Say the Cannabis Breathalyzer Is Coming But Experts Caution 
It’s Not so Simple","The handheld device is designed to measure the electrical resistance of 
semiconductor-enriched carbon nanotubes that are 100,000 times smaller than 
a human ...",KTLA,2 Jan 2020,semiconductor,1/1/2020,1/31/2020,GB
